"","kind","spec","prolific_id","response"
"1","natural kind","water","6156251081636f64b8e5db9d","Akira right"
"2","natural kind","water","5a296168390d120001c706c5","Akira right"
"3","natural kind","water","5e5a97eb8bca2328a1d73434","Both"
"4","natural kind","water","60fced07e4f860f80b98a4cf","Elaine right"
"5","natural kind","water","60ff088897c45927e7c6e180","Elaine right"
"6","natural kind","water","61115c54d46f4606854c8843","Elaine right"
"7","natural kind","water","5fc1fe3d0e7f99235244a2e7","Elaine right"
"8","natural kind","water","598331f561214a0001f1462f","Elaine right"
"9","natural kind","water","5b0d0beed282ff00015b9972","Elaine right"
"10","natural kind","water","5f209b1e0a82d13bdaba5ca8","Elaine right"
"11","natural kind","water","60f812d0f31821f664837af6","Elaine right"
"12","natural kind","water","5acd8aea1667e40001d8cbf0","Elaine right"
"13","natural kind","water","5fac89c216b5ae293eb9cfd9","Elaine right"
"14","natural kind","water","5e8367e61eb24809a596ca93","Elaine right"
"15","natural kind","water","5e41d56250cd36000ac74d1e","Elaine right"
"16","natural kind","water","6040ba427ef1082f7a904328","Both"
"17","natural kind","water","5e3084b0a7365308178187b7","Elaine right"
"18","natural kind","water","5bbbf217a83521000173d9df","Akira right"
"19","natural kind","water","5eee761287fdd331fc618449","Neither"
"20","natural kind","water","60426ee0eea59612c23d9dea","Elaine right"
"21","natural kind","water","5ead973f1e0b1306ab65cf4e","Both"
"22","natural kind","water","6051f9a32647a5a8f1dc723a","Elaine right"
"23","natural kind","water","60bb27421fd22f2c13e36a9f","Elaine right"
"24","natural kind","water","6045e7510fe898738671a243","Elaine right"
"25","natural kind","water","5ac388a8a3ba7a0001b48eb4","Elaine right"
"26","natural kind","water","60cea4440cad5e1e131e1ecb","Elaine right"
"27","natural kind","water","60460256be7c58000ad5f8de","Akira right"
"28","natural kind","water","60ccc19d566f2acd42687fbc","Elaine right"
"29","natural kind","water","62d7135195e9a0b414a4f6e7","Elaine right"
"30","natural kind","water","5f356b8d0535c7518ca3eee9","Elaine right"
"31","natural kind","water","5c0ef103857373000152f759","Elaine right"
"32","natural kind","water","606b5632b44fc8c52a0d7eca","Elaine right"
"33","natural kind","water","60045d2bff9c01225adc09d4","Both"
"34","natural kind","water","614489d3b4027f596c3a243e","Akira right"
"35","natural kind","water","5fae19fbde495925ff78fbed","Elaine right"
"36","natural kind","water","62cec7f466644816502d3dae","Elaine right"
"37","natural kind","water","5f33ff8e16dac32741bf2b90","Elaine right"
"38","natural kind","water","5e6003da868950348ea8cdec","Elaine right"
"39","natural kind","water","5e56bea5817a2406b438e438","Elaine right"
"40","natural kind","water","6091bcc967016811f0f05489","Elaine right"
"41","natural kind","water","612b5b701046f357e00c6096","Akira right"
"42","natural kind","water","62d81a6905483d3448497049","Akira right"
"43","natural kind","water","60b5e7d1c80820b660a15282","Elaine right"
"44","natural kind","water","60e0c90c4ea39fb38ed40f18","Elaine right"
"45","natural kind","water","6097ec1a8c0b4df21cbb9024","Neither"
"46","natural kind","water","5f860adba36f4012cb5043c0","Elaine right"
"47","natural kind","water","5f3dec9a4c8ba4213fd77b05","Elaine right"
"48","natural kind","water","5d28701c573e380001514923","Both"
"49","natural kind","water","5efbc3a84e1b6416ad27a3ec","Elaine right"
"50","natural kind","water","5c3d0637e0ea8200014601a4","Elaine right"
"51","control subjective adjective","spicy","6156251081636f64b8e5db9d","Both"
"52","control subjective adjective","spicy","5a296168390d120001c706c5","Both"
"53","control subjective adjective","spicy","5e5a97eb8bca2328a1d73434","Both"
"54","control subjective adjective","spicy","60fced07e4f860f80b98a4cf","Both"
"55","control subjective adjective","spicy","60ff088897c45927e7c6e180","Both"
"56","control subjective adjective","spicy","61115c54d46f4606854c8843","Both"
"57","control subjective adjective","spicy","5fc1fe3d0e7f99235244a2e7","Both"
"58","control subjective adjective","spicy","598331f561214a0001f1462f","Both"
"59","control subjective adjective","spicy","5b0d0beed282ff00015b9972","Both"
"60","control subjective adjective","spicy","5f209b1e0a82d13bdaba5ca8","Both"
"61","control subjective adjective","spicy","60f812d0f31821f664837af6","Both"
"62","control subjective adjective","spicy","5acd8aea1667e40001d8cbf0","Neither"
"63","control subjective adjective","spicy","5fac89c216b5ae293eb9cfd9","Both"
"64","control subjective adjective","spicy","5e8367e61eb24809a596ca93","Both"
"65","control subjective adjective","spicy","5e41d56250cd36000ac74d1e","Both"
"66","control subjective adjective","spicy","6040ba427ef1082f7a904328","Elaine right"
"67","control subjective adjective","spicy","5e3084b0a7365308178187b7","Both"
"68","control subjective adjective","spicy","5bbbf217a83521000173d9df","Elaine right"
"69","control subjective adjective","spicy","5eee761287fdd331fc618449","Both"
"70","control subjective adjective","spicy","60426ee0eea59612c23d9dea","Neither"
"71","control subjective adjective","spicy","5ead973f1e0b1306ab65cf4e","Both"
"72","control subjective adjective","spicy","6051f9a32647a5a8f1dc723a","Both"
"73","control subjective adjective","spicy","60bb27421fd22f2c13e36a9f","Both"
"74","control subjective adjective","spicy","6045e7510fe898738671a243","Both"
"75","control subjective adjective","spicy","5ac388a8a3ba7a0001b48eb4","Both"
"76","control subjective adjective","spicy","60cea4440cad5e1e131e1ecb","Both"
"77","control subjective adjective","spicy","60460256be7c58000ad5f8de","Elaine right"
"78","control subjective adjective","spicy","60ccc19d566f2acd42687fbc","Both"
"79","control subjective adjective","spicy","62d7135195e9a0b414a4f6e7","Both"
"80","control subjective adjective","spicy","5f356b8d0535c7518ca3eee9","Elaine right"
"81","control subjective adjective","spicy","5c0ef103857373000152f759","Both"
"82","control subjective adjective","spicy","606b5632b44fc8c52a0d7eca","Both"
"83","control subjective adjective","spicy","60045d2bff9c01225adc09d4","Both"
"84","control subjective adjective","spicy","614489d3b4027f596c3a243e","Both"
"85","control subjective adjective","spicy","5fae19fbde495925ff78fbed","Both"
"86","control subjective adjective","spicy","62cec7f466644816502d3dae","Both"
"87","control subjective adjective","spicy","5f33ff8e16dac32741bf2b90","Both"
"88","control subjective adjective","spicy","5e6003da868950348ea8cdec","Both"
"89","control subjective adjective","spicy","5e56bea5817a2406b438e438","Both"
"90","control subjective adjective","spicy","6091bcc967016811f0f05489","Both"
"91","control subjective adjective","spicy","612b5b701046f357e00c6096","Both"
"92","control subjective adjective","spicy","62d81a6905483d3448497049","Neither"
"93","control subjective adjective","spicy","60b5e7d1c80820b660a15282","Both"
"94","control subjective adjective","spicy","60e0c90c4ea39fb38ed40f18","Both"
"95","control subjective adjective","spicy","6097ec1a8c0b4df21cbb9024","Elaine right"
"96","control subjective adjective","spicy","5f860adba36f4012cb5043c0","Both"
"97","control subjective adjective","spicy","5f3dec9a4c8ba4213fd77b05","Both"
"98","control subjective adjective","spicy","5d28701c573e380001514923","Both"
"99","control subjective adjective","spicy","5efbc3a84e1b6416ad27a3ec","Both"
"100","control subjective adjective","spicy","5c3d0637e0ea8200014601a4","Both"
"101","abstract concept","heavy metal","6156251081636f64b8e5db9d","Akira right"
"102","abstract concept","heavy metal","5a296168390d120001c706c5","Both"
"103","abstract concept","heavy metal","5e5a97eb8bca2328a1d73434","Both"
"104","abstract concept","heavy metal","60fced07e4f860f80b98a4cf","Both"
"105","abstract concept","heavy metal","60ff088897c45927e7c6e180","Elaine right"
"106","abstract concept","heavy metal","61115c54d46f4606854c8843","Both"
"107","abstract concept","heavy metal","5fc1fe3d0e7f99235244a2e7","Elaine right"
"108","abstract concept","heavy metal","598331f561214a0001f1462f","Akira right"
"109","abstract concept","heavy metal","5b0d0beed282ff00015b9972","Neither"
"110","abstract concept","heavy metal","5f209b1e0a82d13bdaba5ca8","Neither"
"111","abstract concept","heavy metal","60f812d0f31821f664837af6","Akira right"
"112","abstract concept","heavy metal","5acd8aea1667e40001d8cbf0","Both"
"113","abstract concept","heavy metal","5fac89c216b5ae293eb9cfd9","Akira right"
"114","abstract concept","heavy metal","5e8367e61eb24809a596ca93","Elaine right"
"115","abstract concept","heavy metal","5e41d56250cd36000ac74d1e","Both"
"116","abstract concept","heavy metal","6040ba427ef1082f7a904328","Both"
"117","abstract concept","heavy metal","5e3084b0a7365308178187b7","Akira right"
"118","abstract concept","heavy metal","5bbbf217a83521000173d9df","Akira right"
"119","abstract concept","heavy metal","5eee761287fdd331fc618449","Both"
"120","abstract concept","heavy metal","60426ee0eea59612c23d9dea","Akira right"
"121","abstract concept","heavy metal","5ead973f1e0b1306ab65cf4e","Both"
"122","abstract concept","heavy metal","6051f9a32647a5a8f1dc723a","Both"
"123","abstract concept","heavy metal","60bb27421fd22f2c13e36a9f","Elaine right"
"124","abstract concept","heavy metal","6045e7510fe898738671a243","Akira right"
"125","abstract concept","heavy metal","5ac388a8a3ba7a0001b48eb4","Both"
"126","abstract concept","heavy metal","60cea4440cad5e1e131e1ecb","Elaine right"
"127","abstract concept","heavy metal","60460256be7c58000ad5f8de","Akira right"
"128","abstract concept","heavy metal","60ccc19d566f2acd42687fbc","Elaine right"
"129","abstract concept","heavy metal","62d7135195e9a0b414a4f6e7","Both"
"130","abstract concept","heavy metal","5f356b8d0535c7518ca3eee9","Both"
"131","abstract concept","heavy metal","5c0ef103857373000152f759","Akira right"
"132","abstract concept","heavy metal","606b5632b44fc8c52a0d7eca","Neither"
"133","abstract concept","heavy metal","60045d2bff9c01225adc09d4","Akira right"
"134","abstract concept","heavy metal","614489d3b4027f596c3a243e","Both"
"135","abstract concept","heavy metal","5fae19fbde495925ff78fbed","Both"
"136","abstract concept","heavy metal","62cec7f466644816502d3dae","Both"
"137","abstract concept","heavy metal","5f33ff8e16dac32741bf2b90","Elaine right"
"138","abstract concept","heavy metal","5e6003da868950348ea8cdec","Both"
"139","abstract concept","heavy metal","5e56bea5817a2406b438e438","Elaine right"
"140","abstract concept","heavy metal","6091bcc967016811f0f05489","Akira right"
"141","abstract concept","heavy metal","612b5b701046f357e00c6096","Both"
"142","abstract concept","heavy metal","62d81a6905483d3448497049","Akira right"
"143","abstract concept","heavy metal","60b5e7d1c80820b660a15282","Both"
"144","abstract concept","heavy metal","60e0c90c4ea39fb38ed40f18","Elaine right"
"145","abstract concept","heavy metal","6097ec1a8c0b4df21cbb9024","Akira right"
"146","abstract concept","heavy metal","5f860adba36f4012cb5043c0","Neither"
"147","abstract concept","heavy metal","5f3dec9a4c8ba4213fd77b05","Elaine right"
"148","abstract concept","heavy metal","5d28701c573e380001514923","Both"
"149","abstract concept","heavy metal","5efbc3a84e1b6416ad27a3ec","Both"
"150","abstract concept","heavy metal","5c3d0637e0ea8200014601a4","Both"
"151","natural kind","tiger","6156251081636f64b8e5db9d","Akira right"
"152","natural kind","tiger","5a296168390d120001c706c5","Both"
"153","natural kind","tiger","5e5a97eb8bca2328a1d73434","Both"
"154","natural kind","tiger","60fced07e4f860f80b98a4cf","Elaine right"
"155","natural kind","tiger","60ff088897c45927e7c6e180","Neither"
"156","natural kind","tiger","61115c54d46f4606854c8843","Elaine right"
"157","natural kind","tiger","5fc1fe3d0e7f99235244a2e7","Elaine right"
"158","natural kind","tiger","598331f561214a0001f1462f","Elaine right"
"159","natural kind","tiger","5b0d0beed282ff00015b9972","Elaine right"
"160","natural kind","tiger","5f209b1e0a82d13bdaba5ca8","Elaine right"
"161","natural kind","tiger","60f812d0f31821f664837af6","Elaine right"
"162","natural kind","tiger","5acd8aea1667e40001d8cbf0","Elaine right"
"163","natural kind","tiger","5fac89c216b5ae293eb9cfd9","Elaine right"
"164","natural kind","tiger","5e8367e61eb24809a596ca93","Elaine right"
"165","natural kind","tiger","5e41d56250cd36000ac74d1e","Both"
"166","natural kind","tiger","6040ba427ef1082f7a904328","Akira right"
"167","natural kind","tiger","5e3084b0a7365308178187b7","Elaine right"
"168","natural kind","tiger","5bbbf217a83521000173d9df","Akira right"
"169","natural kind","tiger","5eee761287fdd331fc618449","Both"
"170","natural kind","tiger","60426ee0eea59612c23d9dea","Elaine right"
"171","natural kind","tiger","5ead973f1e0b1306ab65cf4e","Akira right"
"172","natural kind","tiger","6051f9a32647a5a8f1dc723a","Elaine right"
"173","natural kind","tiger","60bb27421fd22f2c13e36a9f","Both"
"174","natural kind","tiger","6045e7510fe898738671a243","Both"
"175","natural kind","tiger","5ac388a8a3ba7a0001b48eb4","Elaine right"
"176","natural kind","tiger","60cea4440cad5e1e131e1ecb","Elaine right"
"177","natural kind","tiger","60460256be7c58000ad5f8de","Elaine right"
"178","natural kind","tiger","60ccc19d566f2acd42687fbc","Elaine right"
"179","natural kind","tiger","62d7135195e9a0b414a4f6e7","Elaine right"
"180","natural kind","tiger","5f356b8d0535c7518ca3eee9","Elaine right"
"181","natural kind","tiger","5c0ef103857373000152f759","Elaine right"
"182","natural kind","tiger","606b5632b44fc8c52a0d7eca","Elaine right"
"183","natural kind","tiger","60045d2bff9c01225adc09d4","Akira right"
"184","natural kind","tiger","614489d3b4027f596c3a243e","Both"
"185","natural kind","tiger","5fae19fbde495925ff78fbed","Elaine right"
"186","natural kind","tiger","62cec7f466644816502d3dae","Akira right"
"187","natural kind","tiger","5f33ff8e16dac32741bf2b90","Elaine right"
"188","natural kind","tiger","5e6003da868950348ea8cdec","Elaine right"
"189","natural kind","tiger","5e56bea5817a2406b438e438","Elaine right"
"190","natural kind","tiger","6091bcc967016811f0f05489","Elaine right"
"191","natural kind","tiger","612b5b701046f357e00c6096","Both"
"192","natural kind","tiger","62d81a6905483d3448497049","Elaine right"
"193","natural kind","tiger","60b5e7d1c80820b660a15282","Elaine right"
"194","natural kind","tiger","60e0c90c4ea39fb38ed40f18","Elaine right"
"195","natural kind","tiger","6097ec1a8c0b4df21cbb9024","Elaine right"
"196","natural kind","tiger","5f860adba36f4012cb5043c0","Elaine right"
"197","natural kind","tiger","5f3dec9a4c8ba4213fd77b05","Elaine right"
"198","natural kind","tiger","5d28701c573e380001514923","Elaine right"
"199","natural kind","tiger","5efbc3a84e1b6416ad27a3ec","Elaine right"
"200","natural kind","tiger","5c3d0637e0ea8200014601a4","Elaine right"
"201","artifact","fork","6156251081636f64b8e5db9d","Elaine right"
"202","artifact","fork","5a296168390d120001c706c5","Akira right"
"203","artifact","fork","5e5a97eb8bca2328a1d73434","Both"
"204","artifact","fork","60fced07e4f860f80b98a4cf","Akira right"
"205","artifact","fork","60ff088897c45927e7c6e180","Elaine right"
"206","artifact","fork","61115c54d46f4606854c8843","Both"
"207","artifact","fork","5fc1fe3d0e7f99235244a2e7","Both"
"208","artifact","fork","598331f561214a0001f1462f","Both"
"209","artifact","fork","5b0d0beed282ff00015b9972","Akira right"
"210","artifact","fork","5f209b1e0a82d13bdaba5ca8","Elaine right"
"211","artifact","fork","60f812d0f31821f664837af6","Elaine right"
"212","artifact","fork","5acd8aea1667e40001d8cbf0","Elaine right"
"213","artifact","fork","5fac89c216b5ae293eb9cfd9","Elaine right"
"214","artifact","fork","5e8367e61eb24809a596ca93","Elaine right"
"215","artifact","fork","5e41d56250cd36000ac74d1e","Both"
"216","artifact","fork","6040ba427ef1082f7a904328","Elaine right"
"217","artifact","fork","5e3084b0a7365308178187b7","Akira right"
"218","artifact","fork","5bbbf217a83521000173d9df","Akira right"
"219","artifact","fork","5eee761287fdd331fc618449","Elaine right"
"220","artifact","fork","60426ee0eea59612c23d9dea","Akira right"
"221","artifact","fork","5ead973f1e0b1306ab65cf4e","Elaine right"
"222","artifact","fork","6051f9a32647a5a8f1dc723a","Elaine right"
"223","artifact","fork","60bb27421fd22f2c13e36a9f","Akira right"
"224","artifact","fork","6045e7510fe898738671a243","Akira right"
"225","artifact","fork","5ac388a8a3ba7a0001b48eb4","Akira right"
"226","artifact","fork","60cea4440cad5e1e131e1ecb","Akira right"
"227","artifact","fork","60460256be7c58000ad5f8de","Akira right"
"228","artifact","fork","60ccc19d566f2acd42687fbc","Elaine right"
"229","artifact","fork","62d7135195e9a0b414a4f6e7","Both"
"230","artifact","fork","5f356b8d0535c7518ca3eee9","Elaine right"
"231","artifact","fork","5c0ef103857373000152f759","Elaine right"
"232","artifact","fork","606b5632b44fc8c52a0d7eca","Akira right"
"233","artifact","fork","60045d2bff9c01225adc09d4","Neither"
"234","artifact","fork","614489d3b4027f596c3a243e","Akira right"
"235","artifact","fork","5fae19fbde495925ff78fbed","Elaine right"
"236","artifact","fork","62cec7f466644816502d3dae","Both"
"237","artifact","fork","5f33ff8e16dac32741bf2b90","Both"
"238","artifact","fork","5e6003da868950348ea8cdec","Both"
"239","artifact","fork","5e56bea5817a2406b438e438","Akira right"
"240","artifact","fork","6091bcc967016811f0f05489","Akira right"
"241","artifact","fork","612b5b701046f357e00c6096","Both"
"242","artifact","fork","62d81a6905483d3448497049","Elaine right"
"243","artifact","fork","60b5e7d1c80820b660a15282","Akira right"
"244","artifact","fork","60e0c90c4ea39fb38ed40f18","Both"
"245","artifact","fork","6097ec1a8c0b4df21cbb9024","Elaine right"
"246","artifact","fork","5f860adba36f4012cb5043c0","Elaine right"
"247","artifact","fork","5f3dec9a4c8ba4213fd77b05","Elaine right"
"248","artifact","fork","5d28701c573e380001514923","Elaine right"
"249","artifact","fork","5efbc3a84e1b6416ad27a3ec","Elaine right"
"250","artifact","fork","5c3d0637e0ea8200014601a4","Elaine right"
"251","abstract concept","scientist","6156251081636f64b8e5db9d","Akira right"
"252","abstract concept","scientist","5a296168390d120001c706c5","Both"
"253","abstract concept","scientist","5e5a97eb8bca2328a1d73434","Both"
"254","abstract concept","scientist","60fced07e4f860f80b98a4cf","Akira right"
"255","abstract concept","scientist","60ff088897c45927e7c6e180","Neither"
"256","abstract concept","scientist","61115c54d46f4606854c8843","Both"
"257","abstract concept","scientist","5fc1fe3d0e7f99235244a2e7","Elaine right"
"258","abstract concept","scientist","598331f561214a0001f1462f","Elaine right"
"259","abstract concept","scientist","5b0d0beed282ff00015b9972","Elaine right"
"260","abstract concept","scientist","5f209b1e0a82d13bdaba5ca8","Elaine right"
"261","abstract concept","scientist","60f812d0f31821f664837af6","Elaine right"
"262","abstract concept","scientist","5acd8aea1667e40001d8cbf0","Both"
"263","abstract concept","scientist","5fac89c216b5ae293eb9cfd9","Akira right"
"264","abstract concept","scientist","5e8367e61eb24809a596ca93","Elaine right"
"265","abstract concept","scientist","5e41d56250cd36000ac74d1e","Both"
"266","abstract concept","scientist","6040ba427ef1082f7a904328","Elaine right"
"267","abstract concept","scientist","5e3084b0a7365308178187b7","Akira right"
"268","abstract concept","scientist","5bbbf217a83521000173d9df","Akira right"
"269","abstract concept","scientist","5eee761287fdd331fc618449","Elaine right"
"270","abstract concept","scientist","60426ee0eea59612c23d9dea","Elaine right"
"271","abstract concept","scientist","5ead973f1e0b1306ab65cf4e","Akira right"
"272","abstract concept","scientist","6051f9a32647a5a8f1dc723a","Elaine right"
"273","abstract concept","scientist","60bb27421fd22f2c13e36a9f","Both"
"274","abstract concept","scientist","6045e7510fe898738671a243","Akira right"
"275","abstract concept","scientist","5ac388a8a3ba7a0001b48eb4","Both"
"276","abstract concept","scientist","60cea4440cad5e1e131e1ecb","Both"
"277","abstract concept","scientist","60460256be7c58000ad5f8de","Elaine right"
"278","abstract concept","scientist","60ccc19d566f2acd42687fbc","Elaine right"
"279","abstract concept","scientist","62d7135195e9a0b414a4f6e7","Elaine right"
"280","abstract concept","scientist","5f356b8d0535c7518ca3eee9","Elaine right"
"281","abstract concept","scientist","5c0ef103857373000152f759","Elaine right"
"282","abstract concept","scientist","606b5632b44fc8c52a0d7eca","Elaine right"
"283","abstract concept","scientist","60045d2bff9c01225adc09d4","Elaine right"
"284","abstract concept","scientist","614489d3b4027f596c3a243e","Elaine right"
"285","abstract concept","scientist","5fae19fbde495925ff78fbed","Elaine right"
"286","abstract concept","scientist","62cec7f466644816502d3dae","Both"
"287","abstract concept","scientist","5f33ff8e16dac32741bf2b90","Elaine right"
"288","abstract concept","scientist","5e6003da868950348ea8cdec","Elaine right"
"289","abstract concept","scientist","5e56bea5817a2406b438e438","Elaine right"
"290","abstract concept","scientist","6091bcc967016811f0f05489","Both"
"291","abstract concept","scientist","612b5b701046f357e00c6096","Both"
"292","abstract concept","scientist","62d81a6905483d3448497049","Akira right"
"293","abstract concept","scientist","60b5e7d1c80820b660a15282","Elaine right"
"294","abstract concept","scientist","60e0c90c4ea39fb38ed40f18","Elaine right"
"295","abstract concept","scientist","6097ec1a8c0b4df21cbb9024","Both"
"296","abstract concept","scientist","5f860adba36f4012cb5043c0","Elaine right"
"297","abstract concept","scientist","5f3dec9a4c8ba4213fd77b05","Elaine right"
"298","abstract concept","scientist","5d28701c573e380001514923","Both"
"299","abstract concept","scientist","5efbc3a84e1b6416ad27a3ec","Both"
"300","abstract concept","scientist","5c3d0637e0ea8200014601a4","Both"
"301","natural kind","helium","6156251081636f64b8e5db9d","Elaine right"
"302","natural kind","helium","5a296168390d120001c706c5","Akira right"
"303","natural kind","helium","5e5a97eb8bca2328a1d73434","Both"
"304","natural kind","helium","60fced07e4f860f80b98a4cf","Elaine right"
"305","natural kind","helium","60ff088897c45927e7c6e180","Both"
"306","natural kind","helium","61115c54d46f4606854c8843","Elaine right"
"307","natural kind","helium","5fc1fe3d0e7f99235244a2e7","Elaine right"
"308","natural kind","helium","598331f561214a0001f1462f","Elaine right"
"309","natural kind","helium","5b0d0beed282ff00015b9972","Elaine right"
"310","natural kind","helium","5f209b1e0a82d13bdaba5ca8","Elaine right"
"311","natural kind","helium","60f812d0f31821f664837af6","Elaine right"
"312","natural kind","helium","5acd8aea1667e40001d8cbf0","Elaine right"
"313","natural kind","helium","5fac89c216b5ae293eb9cfd9","Elaine right"
"314","natural kind","helium","5e8367e61eb24809a596ca93","Elaine right"
"315","natural kind","helium","5e41d56250cd36000ac74d1e","Elaine right"
"316","natural kind","helium","6040ba427ef1082f7a904328","Both"
"317","natural kind","helium","5e3084b0a7365308178187b7","Elaine right"
"318","natural kind","helium","5bbbf217a83521000173d9df","Elaine right"
"319","natural kind","helium","5eee761287fdd331fc618449","Elaine right"
"320","natural kind","helium","60426ee0eea59612c23d9dea","Elaine right"
"321","natural kind","helium","5ead973f1e0b1306ab65cf4e","Akira right"
"322","natural kind","helium","6051f9a32647a5a8f1dc723a","Elaine right"
"323","natural kind","helium","60bb27421fd22f2c13e36a9f","Both"
"324","natural kind","helium","6045e7510fe898738671a243","Elaine right"
"325","natural kind","helium","5ac388a8a3ba7a0001b48eb4","Elaine right"
"326","natural kind","helium","60cea4440cad5e1e131e1ecb","Elaine right"
"327","natural kind","helium","60460256be7c58000ad5f8de","Both"
"328","natural kind","helium","60ccc19d566f2acd42687fbc","Elaine right"
"329","natural kind","helium","62d7135195e9a0b414a4f6e7","Both"
"330","natural kind","helium","5f356b8d0535c7518ca3eee9","Elaine right"
"331","natural kind","helium","5c0ef103857373000152f759","Elaine right"
"332","natural kind","helium","606b5632b44fc8c52a0d7eca","Elaine right"
"333","natural kind","helium","60045d2bff9c01225adc09d4","Neither"
"334","natural kind","helium","614489d3b4027f596c3a243e","Akira right"
"335","natural kind","helium","5fae19fbde495925ff78fbed","Akira right"
"336","natural kind","helium","62cec7f466644816502d3dae","Elaine right"
"337","natural kind","helium","5f33ff8e16dac32741bf2b90","Elaine right"
"338","natural kind","helium","5e6003da868950348ea8cdec","Elaine right"
"339","natural kind","helium","5e56bea5817a2406b438e438","Elaine right"
"340","natural kind","helium","6091bcc967016811f0f05489","Elaine right"
"341","natural kind","helium","612b5b701046f357e00c6096","Both"
"342","natural kind","helium","62d81a6905483d3448497049","Elaine right"
"343","natural kind","helium","60b5e7d1c80820b660a15282","Akira right"
"344","natural kind","helium","60e0c90c4ea39fb38ed40f18","Elaine right"
"345","natural kind","helium","6097ec1a8c0b4df21cbb9024","Both"
"346","natural kind","helium","5f860adba36f4012cb5043c0","Elaine right"
"347","natural kind","helium","5f3dec9a4c8ba4213fd77b05","Elaine right"
"348","natural kind","helium","5d28701c573e380001514923","Elaine right"
"349","natural kind","helium","5efbc3a84e1b6416ad27a3ec","Elaine right"
"350","natural kind","helium","5c3d0637e0ea8200014601a4","Elaine right"
"351","artifact","kettle","6156251081636f64b8e5db9d","Elaine right"
"352","artifact","kettle","5a296168390d120001c706c5","Akira right"
"353","artifact","kettle","5e5a97eb8bca2328a1d73434","Both"
"354","artifact","kettle","60fced07e4f860f80b98a4cf","Elaine right"
"355","artifact","kettle","60ff088897c45927e7c6e180","Akira right"
"356","artifact","kettle","61115c54d46f4606854c8843","Elaine right"
"357","artifact","kettle","5fc1fe3d0e7f99235244a2e7","Elaine right"
"358","artifact","kettle","598331f561214a0001f1462f","Elaine right"
"359","artifact","kettle","5b0d0beed282ff00015b9972","Akira right"
"360","artifact","kettle","5f209b1e0a82d13bdaba5ca8","Elaine right"
"361","artifact","kettle","60f812d0f31821f664837af6","Elaine right"
"362","artifact","kettle","5acd8aea1667e40001d8cbf0","Akira right"
"363","artifact","kettle","5fac89c216b5ae293eb9cfd9","Akira right"
"364","artifact","kettle","5e8367e61eb24809a596ca93","Elaine right"
"365","artifact","kettle","5e41d56250cd36000ac74d1e","Elaine right"
"366","artifact","kettle","6040ba427ef1082f7a904328","Elaine right"
"367","artifact","kettle","5e3084b0a7365308178187b7","Elaine right"
"368","artifact","kettle","5bbbf217a83521000173d9df","Elaine right"
"369","artifact","kettle","5eee761287fdd331fc618449","Elaine right"
"370","artifact","kettle","60426ee0eea59612c23d9dea","Elaine right"
"371","artifact","kettle","5ead973f1e0b1306ab65cf4e","Elaine right"
"372","artifact","kettle","6051f9a32647a5a8f1dc723a","Elaine right"
"373","artifact","kettle","60bb27421fd22f2c13e36a9f","Both"
"374","artifact","kettle","6045e7510fe898738671a243","Elaine right"
"375","artifact","kettle","5ac388a8a3ba7a0001b48eb4","Akira right"
"376","artifact","kettle","60cea4440cad5e1e131e1ecb","Elaine right"
"377","artifact","kettle","60460256be7c58000ad5f8de","Both"
"378","artifact","kettle","60ccc19d566f2acd42687fbc","Elaine right"
"379","artifact","kettle","62d7135195e9a0b414a4f6e7","Both"
"380","artifact","kettle","5f356b8d0535c7518ca3eee9","Elaine right"
"381","artifact","kettle","5c0ef103857373000152f759","Elaine right"
"382","artifact","kettle","606b5632b44fc8c52a0d7eca","Elaine right"
"383","artifact","kettle","60045d2bff9c01225adc09d4","Both"
"384","artifact","kettle","614489d3b4027f596c3a243e","Elaine right"
"385","artifact","kettle","5fae19fbde495925ff78fbed","Elaine right"
"386","artifact","kettle","62cec7f466644816502d3dae","Elaine right"
"387","artifact","kettle","5f33ff8e16dac32741bf2b90","Elaine right"
"388","artifact","kettle","5e6003da868950348ea8cdec","Elaine right"
"389","artifact","kettle","5e56bea5817a2406b438e438","Elaine right"
"390","artifact","kettle","6091bcc967016811f0f05489","Both"
"391","artifact","kettle","612b5b701046f357e00c6096","Both"
"392","artifact","kettle","62d81a6905483d3448497049","Elaine right"
"393","artifact","kettle","60b5e7d1c80820b660a15282","Elaine right"
"394","artifact","kettle","60e0c90c4ea39fb38ed40f18","Both"
"395","artifact","kettle","6097ec1a8c0b4df21cbb9024","Both"
"396","artifact","kettle","5f860adba36f4012cb5043c0","Elaine right"
"397","artifact","kettle","5f3dec9a4c8ba4213fd77b05","Elaine right"
"398","artifact","kettle","5d28701c573e380001514923","Elaine right"
"399","artifact","kettle","5efbc3a84e1b6416ad27a3ec","Both"
"400","artifact","kettle","5c3d0637e0ea8200014601a4","Elaine right"
"401","control precise definition","square","6156251081636f64b8e5db9d","Akira right"
"402","control precise definition","square","5a296168390d120001c706c5","Both"
"403","control precise definition","square","5e5a97eb8bca2328a1d73434","Akira right"
"404","control precise definition","square","60fced07e4f860f80b98a4cf","Akira right"
"405","control precise definition","square","60ff088897c45927e7c6e180","Neither"
"406","control precise definition","square","61115c54d46f4606854c8843","Akira right"
"407","control precise definition","square","5fc1fe3d0e7f99235244a2e7","Akira right"
"408","control precise definition","square","598331f561214a0001f1462f","Akira right"
"409","control precise definition","square","5b0d0beed282ff00015b9972","Akira right"
"410","control precise definition","square","5f209b1e0a82d13bdaba5ca8","Akira right"
"411","control precise definition","square","60f812d0f31821f664837af6","Akira right"
"412","control precise definition","square","5acd8aea1667e40001d8cbf0","Akira right"
"413","control precise definition","square","5fac89c216b5ae293eb9cfd9","Akira right"
"414","control precise definition","square","5e8367e61eb24809a596ca93","Akira right"
"415","control precise definition","square","5e41d56250cd36000ac74d1e","Akira right"
"416","control precise definition","square","6040ba427ef1082f7a904328","Akira right"
"417","control precise definition","square","5e3084b0a7365308178187b7","Akira right"
"418","control precise definition","square","5bbbf217a83521000173d9df","Akira right"
"419","control precise definition","square","5eee761287fdd331fc618449","Akira right"
"420","control precise definition","square","60426ee0eea59612c23d9dea","Akira right"
"421","control precise definition","square","5ead973f1e0b1306ab65cf4e","Akira right"
"422","control precise definition","square","6051f9a32647a5a8f1dc723a","Akira right"
"423","control precise definition","square","60bb27421fd22f2c13e36a9f","Neither"
"424","control precise definition","square","6045e7510fe898738671a243","Akira right"
"425","control precise definition","square","5ac388a8a3ba7a0001b48eb4","Akira right"
"426","control precise definition","square","60cea4440cad5e1e131e1ecb","Akira right"
"427","control precise definition","square","60460256be7c58000ad5f8de","Elaine right"
"428","control precise definition","square","60ccc19d566f2acd42687fbc","Akira right"
"429","control precise definition","square","62d7135195e9a0b414a4f6e7","Akira right"
"430","control precise definition","square","5f356b8d0535c7518ca3eee9","Akira right"
"431","control precise definition","square","5c0ef103857373000152f759","Both"
"432","control precise definition","square","606b5632b44fc8c52a0d7eca","Akira right"
"433","control precise definition","square","60045d2bff9c01225adc09d4","Akira right"
"434","control precise definition","square","614489d3b4027f596c3a243e","Akira right"
"435","control precise definition","square","5fae19fbde495925ff78fbed","Akira right"
"436","control precise definition","square","62cec7f466644816502d3dae","Akira right"
"437","control precise definition","square","5f33ff8e16dac32741bf2b90","Elaine right"
"438","control precise definition","square","5e6003da868950348ea8cdec","Elaine right"
"439","control precise definition","square","5e56bea5817a2406b438e438","Akira right"
"440","control precise definition","square","6091bcc967016811f0f05489","Akira right"
"441","control precise definition","square","612b5b701046f357e00c6096","Akira right"
"442","control precise definition","square","62d81a6905483d3448497049","Akira right"
"443","control precise definition","square","60b5e7d1c80820b660a15282","Elaine right"
"444","control precise definition","square","60e0c90c4ea39fb38ed40f18","Akira right"
"445","control precise definition","square","6097ec1a8c0b4df21cbb9024","Akira right"
"446","control precise definition","square","5f860adba36f4012cb5043c0","Akira right"
"447","control precise definition","square","5f3dec9a4c8ba4213fd77b05","Both"
"448","control precise definition","square","5d28701c573e380001514923","Akira right"
"449","control precise definition","square","5efbc3a84e1b6416ad27a3ec","Akira right"
"450","control precise definition","square","5c3d0637e0ea8200014601a4","Akira right"
"451","abstract concept","mentor","6156251081636f64b8e5db9d","Elaine right"
"452","abstract concept","mentor","5a296168390d120001c706c5","Both"
"453","abstract concept","mentor","5e5a97eb8bca2328a1d73434","Both"
"454","abstract concept","mentor","60fced07e4f860f80b98a4cf","Elaine right"
"455","abstract concept","mentor","60ff088897c45927e7c6e180","Elaine right"
"456","abstract concept","mentor","61115c54d46f4606854c8843","Both"
"457","abstract concept","mentor","5fc1fe3d0e7f99235244a2e7","Both"
"458","abstract concept","mentor","598331f561214a0001f1462f","Elaine right"
"459","abstract concept","mentor","5b0d0beed282ff00015b9972","Both"
"460","abstract concept","mentor","5f209b1e0a82d13bdaba5ca8","Elaine right"
"461","abstract concept","mentor","60f812d0f31821f664837af6","Elaine right"
"462","abstract concept","mentor","5acd8aea1667e40001d8cbf0","Akira right"
"463","abstract concept","mentor","5fac89c216b5ae293eb9cfd9","Elaine right"
"464","abstract concept","mentor","5e8367e61eb24809a596ca93","Both"
"465","abstract concept","mentor","5e41d56250cd36000ac74d1e","Elaine right"
"466","abstract concept","mentor","6040ba427ef1082f7a904328","Elaine right"
"467","abstract concept","mentor","5e3084b0a7365308178187b7","Elaine right"
"468","abstract concept","mentor","5bbbf217a83521000173d9df","Akira right"
"469","abstract concept","mentor","5eee761287fdd331fc618449","Both"
"470","abstract concept","mentor","60426ee0eea59612c23d9dea","Akira right"
"471","abstract concept","mentor","5ead973f1e0b1306ab65cf4e","Elaine right"
"472","abstract concept","mentor","6051f9a32647a5a8f1dc723a","Akira right"
"473","abstract concept","mentor","60bb27421fd22f2c13e36a9f","Both"
"474","abstract concept","mentor","6045e7510fe898738671a243","Elaine right"
"475","abstract concept","mentor","5ac388a8a3ba7a0001b48eb4","Both"
"476","abstract concept","mentor","60cea4440cad5e1e131e1ecb","Elaine right"
"477","abstract concept","mentor","60460256be7c58000ad5f8de","Both"
"478","abstract concept","mentor","60ccc19d566f2acd42687fbc","Elaine right"
"479","abstract concept","mentor","62d7135195e9a0b414a4f6e7","Both"
"480","abstract concept","mentor","5f356b8d0535c7518ca3eee9","Elaine right"
"481","abstract concept","mentor","5c0ef103857373000152f759","Elaine right"
"482","abstract concept","mentor","606b5632b44fc8c52a0d7eca","Elaine right"
"483","abstract concept","mentor","60045d2bff9c01225adc09d4","Akira right"
"484","abstract concept","mentor","614489d3b4027f596c3a243e","Elaine right"
"485","abstract concept","mentor","5fae19fbde495925ff78fbed","Elaine right"
"486","abstract concept","mentor","62cec7f466644816502d3dae","Elaine right"
"487","abstract concept","mentor","5f33ff8e16dac32741bf2b90","Elaine right"
"488","abstract concept","mentor","5e6003da868950348ea8cdec","Both"
"489","abstract concept","mentor","5e56bea5817a2406b438e438","Elaine right"
"490","abstract concept","mentor","6091bcc967016811f0f05489","Both"
"491","abstract concept","mentor","612b5b701046f357e00c6096","Elaine right"
"492","abstract concept","mentor","62d81a6905483d3448497049","Akira right"
"493","abstract concept","mentor","60b5e7d1c80820b660a15282","Akira right"
"494","abstract concept","mentor","60e0c90c4ea39fb38ed40f18","Elaine right"
"495","abstract concept","mentor","6097ec1a8c0b4df21cbb9024","Elaine right"
"496","abstract concept","mentor","5f860adba36f4012cb5043c0","Both"
"497","abstract concept","mentor","5f3dec9a4c8ba4213fd77b05","Elaine right"
"498","abstract concept","mentor","5d28701c573e380001514923","Elaine right"
"499","abstract concept","mentor","5efbc3a84e1b6416ad27a3ec","Akira right"
"500","abstract concept","mentor","5c3d0637e0ea8200014601a4","Elaine right"
"501","natural kind","zebra","6156251081636f64b8e5db9d","Elaine right"
"502","natural kind","zebra","5a296168390d120001c706c5","Both"
"503","natural kind","zebra","5e5a97eb8bca2328a1d73434","Both"
"504","natural kind","zebra","60fced07e4f860f80b98a4cf","Elaine right"
"505","natural kind","zebra","60ff088897c45927e7c6e180","Both"
"506","natural kind","zebra","61115c54d46f4606854c8843","Elaine right"
"507","natural kind","zebra","5fc1fe3d0e7f99235244a2e7","Elaine right"
"508","natural kind","zebra","598331f561214a0001f1462f","Elaine right"
"509","natural kind","zebra","5b0d0beed282ff00015b9972","Elaine right"
"510","natural kind","zebra","5f209b1e0a82d13bdaba5ca8","Elaine right"
"511","natural kind","zebra","60f812d0f31821f664837af6","Elaine right"
"512","natural kind","zebra","5acd8aea1667e40001d8cbf0","Elaine right"
"513","natural kind","zebra","5fac89c216b5ae293eb9cfd9","Elaine right"
"514","natural kind","zebra","5e8367e61eb24809a596ca93","Elaine right"
"515","natural kind","zebra","5e41d56250cd36000ac74d1e","Akira right"
"516","natural kind","zebra","6040ba427ef1082f7a904328","Elaine right"
"517","natural kind","zebra","5e3084b0a7365308178187b7","Elaine right"
"518","natural kind","zebra","5bbbf217a83521000173d9df","Akira right"
"519","natural kind","zebra","5eee761287fdd331fc618449","Akira right"
"520","natural kind","zebra","60426ee0eea59612c23d9dea","Elaine right"
"521","natural kind","zebra","5ead973f1e0b1306ab65cf4e","Akira right"
"522","natural kind","zebra","6051f9a32647a5a8f1dc723a","Elaine right"
"523","natural kind","zebra","60bb27421fd22f2c13e36a9f","Akira right"
"524","natural kind","zebra","6045e7510fe898738671a243","Elaine right"
"525","natural kind","zebra","5ac388a8a3ba7a0001b48eb4","Elaine right"
"526","natural kind","zebra","60cea4440cad5e1e131e1ecb","Elaine right"
"527","natural kind","zebra","60460256be7c58000ad5f8de","Neither"
"528","natural kind","zebra","60ccc19d566f2acd42687fbc","Elaine right"
"529","natural kind","zebra","62d7135195e9a0b414a4f6e7","Both"
"530","natural kind","zebra","5f356b8d0535c7518ca3eee9","Elaine right"
"531","natural kind","zebra","5c0ef103857373000152f759","Elaine right"
"532","natural kind","zebra","606b5632b44fc8c52a0d7eca","Elaine right"
"533","natural kind","zebra","60045d2bff9c01225adc09d4","Both"
"534","natural kind","zebra","614489d3b4027f596c3a243e","Akira right"
"535","natural kind","zebra","5fae19fbde495925ff78fbed","Elaine right"
"536","natural kind","zebra","62cec7f466644816502d3dae","Both"
"537","natural kind","zebra","5f33ff8e16dac32741bf2b90","Elaine right"
"538","natural kind","zebra","5e6003da868950348ea8cdec","Elaine right"
"539","natural kind","zebra","5e56bea5817a2406b438e438","Elaine right"
"540","natural kind","zebra","6091bcc967016811f0f05489","Elaine right"
"541","natural kind","zebra","612b5b701046f357e00c6096","Both"
"542","natural kind","zebra","62d81a6905483d3448497049","Elaine right"
"543","natural kind","zebra","60b5e7d1c80820b660a15282","Both"
"544","natural kind","zebra","60e0c90c4ea39fb38ed40f18","Elaine right"
"545","natural kind","zebra","6097ec1a8c0b4df21cbb9024","Akira right"
"546","natural kind","zebra","5f860adba36f4012cb5043c0","Elaine right"
"547","natural kind","zebra","5f3dec9a4c8ba4213fd77b05","Both"
"548","natural kind","zebra","5d28701c573e380001514923","Elaine right"
"549","natural kind","zebra","5efbc3a84e1b6416ad27a3ec","Elaine right"
"550","natural kind","zebra","5c3d0637e0ea8200014601a4","Elaine right"
"551","artifact","chair","6156251081636f64b8e5db9d","Akira right"
"552","artifact","chair","5a296168390d120001c706c5","Akira right"
"553","artifact","chair","5e5a97eb8bca2328a1d73434","Elaine right"
"554","artifact","chair","60fced07e4f860f80b98a4cf","Elaine right"
"555","artifact","chair","60ff088897c45927e7c6e180","Both"
"556","artifact","chair","61115c54d46f4606854c8843","Both"
"557","artifact","chair","5fc1fe3d0e7f99235244a2e7","Elaine right"
"558","artifact","chair","598331f561214a0001f1462f","Elaine right"
"559","artifact","chair","5b0d0beed282ff00015b9972","Both"
"560","artifact","chair","5f209b1e0a82d13bdaba5ca8","Elaine right"
"561","artifact","chair","60f812d0f31821f664837af6","Elaine right"
"562","artifact","chair","5acd8aea1667e40001d8cbf0","Both"
"563","artifact","chair","5fac89c216b5ae293eb9cfd9","Elaine right"
"564","artifact","chair","5e8367e61eb24809a596ca93","Elaine right"
"565","artifact","chair","5e41d56250cd36000ac74d1e","Neither"
"566","artifact","chair","6040ba427ef1082f7a904328","Both"
"567","artifact","chair","5e3084b0a7365308178187b7","Elaine right"
"568","artifact","chair","5bbbf217a83521000173d9df","Elaine right"
"569","artifact","chair","5eee761287fdd331fc618449","Elaine right"
"570","artifact","chair","60426ee0eea59612c23d9dea","Akira right"
"571","artifact","chair","5ead973f1e0b1306ab65cf4e","Both"
"572","artifact","chair","6051f9a32647a5a8f1dc723a","Elaine right"
"573","artifact","chair","60bb27421fd22f2c13e36a9f","Elaine right"
"574","artifact","chair","6045e7510fe898738671a243","Elaine right"
"575","artifact","chair","5ac388a8a3ba7a0001b48eb4","Both"
"576","artifact","chair","60cea4440cad5e1e131e1ecb","Elaine right"
"577","artifact","chair","60460256be7c58000ad5f8de","Akira right"
"578","artifact","chair","60ccc19d566f2acd42687fbc","Elaine right"
"579","artifact","chair","62d7135195e9a0b414a4f6e7","Both"
"580","artifact","chair","5f356b8d0535c7518ca3eee9","Elaine right"
"581","artifact","chair","5c0ef103857373000152f759","Elaine right"
"582","artifact","chair","606b5632b44fc8c52a0d7eca","Both"
"583","artifact","chair","60045d2bff9c01225adc09d4","Akira right"
"584","artifact","chair","614489d3b4027f596c3a243e","Elaine right"
"585","artifact","chair","5fae19fbde495925ff78fbed","Akira right"
"586","artifact","chair","62cec7f466644816502d3dae","Elaine right"
"587","artifact","chair","5f33ff8e16dac32741bf2b90","Elaine right"
"588","artifact","chair","5e6003da868950348ea8cdec","Akira right"
"589","artifact","chair","5e56bea5817a2406b438e438","Elaine right"
"590","artifact","chair","6091bcc967016811f0f05489","Both"
"591","artifact","chair","612b5b701046f357e00c6096","Both"
"592","artifact","chair","62d81a6905483d3448497049","Elaine right"
"593","artifact","chair","60b5e7d1c80820b660a15282","Akira right"
"594","artifact","chair","60e0c90c4ea39fb38ed40f18","Akira right"
"595","artifact","chair","6097ec1a8c0b4df21cbb9024","Both"
"596","artifact","chair","5f860adba36f4012cb5043c0","Both"
"597","artifact","chair","5f3dec9a4c8ba4213fd77b05","Both"
"598","artifact","chair","5d28701c573e380001514923","Elaine right"
"599","artifact","chair","5efbc3a84e1b6416ad27a3ec","Both"
"600","artifact","chair","5c3d0637e0ea8200014601a4","Both"
"601","abstract concept","argument","6156251081636f64b8e5db9d","Akira right"
"602","abstract concept","argument","5a296168390d120001c706c5","Both"
"603","abstract concept","argument","5e5a97eb8bca2328a1d73434","Elaine right"
"604","abstract concept","argument","60fced07e4f860f80b98a4cf","Elaine right"
"605","abstract concept","argument","60ff088897c45927e7c6e180","Elaine right"
"606","abstract concept","argument","61115c54d46f4606854c8843","Elaine right"
"607","abstract concept","argument","5fc1fe3d0e7f99235244a2e7","Elaine right"
"608","abstract concept","argument","598331f561214a0001f1462f","Both"
"609","abstract concept","argument","5b0d0beed282ff00015b9972","Both"
"610","abstract concept","argument","5f209b1e0a82d13bdaba5ca8","Elaine right"
"611","abstract concept","argument","60f812d0f31821f664837af6","Elaine right"
"612","abstract concept","argument","5acd8aea1667e40001d8cbf0","Elaine right"
"613","abstract concept","argument","5fac89c216b5ae293eb9cfd9","Elaine right"
"614","abstract concept","argument","5e8367e61eb24809a596ca93","Elaine right"
"615","abstract concept","argument","5e41d56250cd36000ac74d1e","Akira right"
"616","abstract concept","argument","6040ba427ef1082f7a904328","Elaine right"
"617","abstract concept","argument","5e3084b0a7365308178187b7","Elaine right"
"618","abstract concept","argument","5bbbf217a83521000173d9df","Elaine right"
"619","abstract concept","argument","5eee761287fdd331fc618449","Elaine right"
"620","abstract concept","argument","60426ee0eea59612c23d9dea","Elaine right"
"621","abstract concept","argument","5ead973f1e0b1306ab65cf4e","Akira right"
"622","abstract concept","argument","6051f9a32647a5a8f1dc723a","Elaine right"
"623","abstract concept","argument","60bb27421fd22f2c13e36a9f","Both"
"624","abstract concept","argument","6045e7510fe898738671a243","Neither"
"625","abstract concept","argument","5ac388a8a3ba7a0001b48eb4","Elaine right"
"626","abstract concept","argument","60cea4440cad5e1e131e1ecb","Both"
"627","abstract concept","argument","60460256be7c58000ad5f8de","Elaine right"
"628","abstract concept","argument","60ccc19d566f2acd42687fbc","Elaine right"
"629","abstract concept","argument","62d7135195e9a0b414a4f6e7","Both"
"630","abstract concept","argument","5f356b8d0535c7518ca3eee9","Elaine right"
"631","abstract concept","argument","5c0ef103857373000152f759","Elaine right"
"632","abstract concept","argument","606b5632b44fc8c52a0d7eca","Elaine right"
"633","abstract concept","argument","60045d2bff9c01225adc09d4","Elaine right"
"634","abstract concept","argument","614489d3b4027f596c3a243e","Both"
"635","abstract concept","argument","5fae19fbde495925ff78fbed","Elaine right"
"636","abstract concept","argument","62cec7f466644816502d3dae","Akira right"
"637","abstract concept","argument","5f33ff8e16dac32741bf2b90","Neither"
"638","abstract concept","argument","5e6003da868950348ea8cdec","Elaine right"
"639","abstract concept","argument","5e56bea5817a2406b438e438","Elaine right"
"640","abstract concept","argument","6091bcc967016811f0f05489","Both"
"641","abstract concept","argument","612b5b701046f357e00c6096","Elaine right"
"642","abstract concept","argument","62d81a6905483d3448497049","Elaine right"
"643","abstract concept","argument","60b5e7d1c80820b660a15282","Elaine right"
"644","abstract concept","argument","60e0c90c4ea39fb38ed40f18","Both"
"645","abstract concept","argument","6097ec1a8c0b4df21cbb9024","Akira right"
"646","abstract concept","argument","5f860adba36f4012cb5043c0","Elaine right"
"647","abstract concept","argument","5f3dec9a4c8ba4213fd77b05","Both"
"648","abstract concept","argument","5d28701c573e380001514923","Elaine right"
"649","abstract concept","argument","5efbc3a84e1b6416ad27a3ec","Both"
"650","abstract concept","argument","5c3d0637e0ea8200014601a4","Akira right"
"651","natural kind","raccoon","6156251081636f64b8e5db9d","Elaine right"
"652","natural kind","raccoon","5a296168390d120001c706c5","Akira right"
"653","natural kind","raccoon","5e5a97eb8bca2328a1d73434","Both"
"654","natural kind","raccoon","60fced07e4f860f80b98a4cf","Elaine right"
"655","natural kind","raccoon","60ff088897c45927e7c6e180","Both"
"656","natural kind","raccoon","61115c54d46f4606854c8843","Elaine right"
"657","natural kind","raccoon","5fc1fe3d0e7f99235244a2e7","Elaine right"
"658","natural kind","raccoon","598331f561214a0001f1462f","Elaine right"
"659","natural kind","raccoon","5b0d0beed282ff00015b9972","Elaine right"
"660","natural kind","raccoon","5f209b1e0a82d13bdaba5ca8","Elaine right"
"661","natural kind","raccoon","60f812d0f31821f664837af6","Akira right"
"662","natural kind","raccoon","5acd8aea1667e40001d8cbf0","Neither"
"663","natural kind","raccoon","5fac89c216b5ae293eb9cfd9","Elaine right"
"664","natural kind","raccoon","5e8367e61eb24809a596ca93","Elaine right"
"665","natural kind","raccoon","5e41d56250cd36000ac74d1e","Akira right"
"666","natural kind","raccoon","6040ba427ef1082f7a904328","Both"
"667","natural kind","raccoon","5e3084b0a7365308178187b7","Elaine right"
"668","natural kind","raccoon","5bbbf217a83521000173d9df","Akira right"
"669","natural kind","raccoon","5eee761287fdd331fc618449","Akira right"
"670","natural kind","raccoon","60426ee0eea59612c23d9dea","Elaine right"
"671","natural kind","raccoon","5ead973f1e0b1306ab65cf4e","Akira right"
"672","natural kind","raccoon","6051f9a32647a5a8f1dc723a","Both"
"673","natural kind","raccoon","60bb27421fd22f2c13e36a9f","Akira right"
"674","natural kind","raccoon","6045e7510fe898738671a243","Elaine right"
"675","natural kind","raccoon","5ac388a8a3ba7a0001b48eb4","Elaine right"
"676","natural kind","raccoon","60cea4440cad5e1e131e1ecb","Elaine right"
"677","natural kind","raccoon","60460256be7c58000ad5f8de","Akira right"
"678","natural kind","raccoon","60ccc19d566f2acd42687fbc","Elaine right"
"679","natural kind","raccoon","62d7135195e9a0b414a4f6e7","Both"
"680","natural kind","raccoon","5f356b8d0535c7518ca3eee9","Elaine right"
"681","natural kind","raccoon","5c0ef103857373000152f759","Elaine right"
"682","natural kind","raccoon","606b5632b44fc8c52a0d7eca","Elaine right"
"683","natural kind","raccoon","60045d2bff9c01225adc09d4","Both"
"684","natural kind","raccoon","614489d3b4027f596c3a243e","Akira right"
"685","natural kind","raccoon","5fae19fbde495925ff78fbed","Elaine right"
"686","natural kind","raccoon","62cec7f466644816502d3dae","Both"
"687","natural kind","raccoon","5f33ff8e16dac32741bf2b90","Elaine right"
"688","natural kind","raccoon","5e6003da868950348ea8cdec","Akira right"
"689","natural kind","raccoon","5e56bea5817a2406b438e438","Elaine right"
"690","natural kind","raccoon","6091bcc967016811f0f05489","Elaine right"
"691","natural kind","raccoon","612b5b701046f357e00c6096","Both"
"692","natural kind","raccoon","62d81a6905483d3448497049","Elaine right"
"693","natural kind","raccoon","60b5e7d1c80820b660a15282","Akira right"
"694","natural kind","raccoon","60e0c90c4ea39fb38ed40f18","Elaine right"
"695","natural kind","raccoon","6097ec1a8c0b4df21cbb9024","Both"
"696","natural kind","raccoon","5f860adba36f4012cb5043c0","Elaine right"
"697","natural kind","raccoon","5f3dec9a4c8ba4213fd77b05","Elaine right"
"698","natural kind","raccoon","5d28701c573e380001514923","Elaine right"
"699","natural kind","raccoon","5efbc3a84e1b6416ad27a3ec","Both"
"700","natural kind","raccoon","5c3d0637e0ea8200014601a4","Elaine right"
"701","artifact","razor","6156251081636f64b8e5db9d","Akira right"
"702","artifact","razor","5a296168390d120001c706c5","Akira right"
"703","artifact","razor","5e5a97eb8bca2328a1d73434","Elaine right"
"704","artifact","razor","60fced07e4f860f80b98a4cf","Akira right"
"705","artifact","razor","60ff088897c45927e7c6e180","Neither"
"706","artifact","razor","61115c54d46f4606854c8843","Elaine right"
"707","artifact","razor","5fc1fe3d0e7f99235244a2e7","Elaine right"
"708","artifact","razor","598331f561214a0001f1462f","Elaine right"
"709","artifact","razor","5b0d0beed282ff00015b9972","Elaine right"
"710","artifact","razor","5f209b1e0a82d13bdaba5ca8","Elaine right"
"711","artifact","razor","60f812d0f31821f664837af6","Elaine right"
"712","artifact","razor","5acd8aea1667e40001d8cbf0","Both"
"713","artifact","razor","5fac89c216b5ae293eb9cfd9","Elaine right"
"714","artifact","razor","5e8367e61eb24809a596ca93","Elaine right"
"715","artifact","razor","5e41d56250cd36000ac74d1e","Neither"
"716","artifact","razor","6040ba427ef1082f7a904328","Both"
"717","artifact","razor","5e3084b0a7365308178187b7","Elaine right"
"718","artifact","razor","5bbbf217a83521000173d9df","Elaine right"
"719","artifact","razor","5eee761287fdd331fc618449","Elaine right"
"720","artifact","razor","60426ee0eea59612c23d9dea","Elaine right"
"721","artifact","razor","5ead973f1e0b1306ab65cf4e","Akira right"
"722","artifact","razor","6051f9a32647a5a8f1dc723a","Elaine right"
"723","artifact","razor","60bb27421fd22f2c13e36a9f","Both"
"724","artifact","razor","6045e7510fe898738671a243","Elaine right"
"725","artifact","razor","5ac388a8a3ba7a0001b48eb4","Akira right"
"726","artifact","razor","60cea4440cad5e1e131e1ecb","Elaine right"
"727","artifact","razor","60460256be7c58000ad5f8de","Both"
"728","artifact","razor","60ccc19d566f2acd42687fbc","Elaine right"
"729","artifact","razor","62d7135195e9a0b414a4f6e7","Both"
"730","artifact","razor","5f356b8d0535c7518ca3eee9","Elaine right"
"731","artifact","razor","5c0ef103857373000152f759","Elaine right"
"732","artifact","razor","606b5632b44fc8c52a0d7eca","Both"
"733","artifact","razor","60045d2bff9c01225adc09d4","Elaine right"
"734","artifact","razor","614489d3b4027f596c3a243e","Elaine right"
"735","artifact","razor","5fae19fbde495925ff78fbed","Elaine right"
"736","artifact","razor","62cec7f466644816502d3dae","Elaine right"
"737","artifact","razor","5f33ff8e16dac32741bf2b90","Elaine right"
"738","artifact","razor","5e6003da868950348ea8cdec","Elaine right"
"739","artifact","razor","5e56bea5817a2406b438e438","Elaine right"
"740","artifact","razor","6091bcc967016811f0f05489","Neither"
"741","artifact","razor","612b5b701046f357e00c6096","Elaine right"
"742","artifact","razor","62d81a6905483d3448497049","Elaine right"
"743","artifact","razor","60b5e7d1c80820b660a15282","Elaine right"
"744","artifact","razor","60e0c90c4ea39fb38ed40f18","Elaine right"
"745","artifact","razor","6097ec1a8c0b4df21cbb9024","Both"
"746","artifact","razor","5f860adba36f4012cb5043c0","Elaine right"
"747","artifact","razor","5f3dec9a4c8ba4213fd77b05","Elaine right"
"748","artifact","razor","5d28701c573e380001514923","Elaine right"
"749","artifact","razor","5efbc3a84e1b6416ad27a3ec","Elaine right"
"750","artifact","razor","5c3d0637e0ea8200014601a4","Elaine right"
"751","abstract concept","artist","6156251081636f64b8e5db9d","Akira right"
"752","abstract concept","artist","5a296168390d120001c706c5","Akira right"
"753","abstract concept","artist","5e5a97eb8bca2328a1d73434","Both"
"754","abstract concept","artist","60fced07e4f860f80b98a4cf","Akira right"
"755","abstract concept","artist","60ff088897c45927e7c6e180","Akira right"
"756","abstract concept","artist","61115c54d46f4606854c8843","Neither"
"757","abstract concept","artist","5fc1fe3d0e7f99235244a2e7","Akira right"
"758","abstract concept","artist","598331f561214a0001f1462f","Akira right"
"759","abstract concept","artist","5b0d0beed282ff00015b9972","Akira right"
"760","abstract concept","artist","5f209b1e0a82d13bdaba5ca8","Akira right"
"761","abstract concept","artist","60f812d0f31821f664837af6","Akira right"
"762","abstract concept","artist","5acd8aea1667e40001d8cbf0","Neither"
"763","abstract concept","artist","5fac89c216b5ae293eb9cfd9","Akira right"
"764","abstract concept","artist","5e8367e61eb24809a596ca93","Both"
"765","abstract concept","artist","5e41d56250cd36000ac74d1e","Both"
"766","abstract concept","artist","6040ba427ef1082f7a904328","Both"
"767","abstract concept","artist","5e3084b0a7365308178187b7","Akira right"
"768","abstract concept","artist","5bbbf217a83521000173d9df","Akira right"
"769","abstract concept","artist","5eee761287fdd331fc618449","Akira right"
"770","abstract concept","artist","60426ee0eea59612c23d9dea","Akira right"
"771","abstract concept","artist","5ead973f1e0b1306ab65cf4e","Both"
"772","abstract concept","artist","6051f9a32647a5a8f1dc723a","Elaine right"
"773","abstract concept","artist","60bb27421fd22f2c13e36a9f","Both"
"774","abstract concept","artist","6045e7510fe898738671a243","Neither"
"775","abstract concept","artist","5ac388a8a3ba7a0001b48eb4","Akira right"
"776","abstract concept","artist","60cea4440cad5e1e131e1ecb","Akira right"
"777","abstract concept","artist","60460256be7c58000ad5f8de","Both"
"778","abstract concept","artist","60ccc19d566f2acd42687fbc","Akira right"
"779","abstract concept","artist","62d7135195e9a0b414a4f6e7","Both"
"780","abstract concept","artist","5f356b8d0535c7518ca3eee9","Elaine right"
"781","abstract concept","artist","5c0ef103857373000152f759","Elaine right"
"782","abstract concept","artist","606b5632b44fc8c52a0d7eca","Akira right"
"783","abstract concept","artist","60045d2bff9c01225adc09d4","Akira right"
"784","abstract concept","artist","614489d3b4027f596c3a243e","Akira right"
"785","abstract concept","artist","5fae19fbde495925ff78fbed","Elaine right"
"786","abstract concept","artist","62cec7f466644816502d3dae","Akira right"
"787","abstract concept","artist","5f33ff8e16dac32741bf2b90","Elaine right"
"788","abstract concept","artist","5e6003da868950348ea8cdec","Both"
"789","abstract concept","artist","5e56bea5817a2406b438e438","Akira right"
"790","abstract concept","artist","6091bcc967016811f0f05489","Neither"
"791","abstract concept","artist","612b5b701046f357e00c6096","Both"
"792","abstract concept","artist","62d81a6905483d3448497049","Akira right"
"793","abstract concept","artist","60b5e7d1c80820b660a15282","Elaine right"
"794","abstract concept","artist","60e0c90c4ea39fb38ed40f18","Elaine right"
"795","abstract concept","artist","6097ec1a8c0b4df21cbb9024","Elaine right"
"796","abstract concept","artist","5f860adba36f4012cb5043c0","Both"
"797","abstract concept","artist","5f3dec9a4c8ba4213fd77b05","Both"
"798","abstract concept","artist","5d28701c573e380001514923","Both"
"799","abstract concept","artist","5efbc3a84e1b6416ad27a3ec","Akira right"
"800","abstract concept","artist","5c3d0637e0ea8200014601a4","Akira right"
"801","control subjective adjective","tall","6156251081636f64b8e5db9d","Both"
"802","control subjective adjective","tall","5a296168390d120001c706c5","Both"
"803","control subjective adjective","tall","5e5a97eb8bca2328a1d73434","Neither"
"804","control subjective adjective","tall","60fced07e4f860f80b98a4cf","Both"
"805","control subjective adjective","tall","60ff088897c45927e7c6e180","Both"
"806","control subjective adjective","tall","61115c54d46f4606854c8843","Both"
"807","control subjective adjective","tall","5fc1fe3d0e7f99235244a2e7","Both"
"808","control subjective adjective","tall","598331f561214a0001f1462f","Both"
"809","control subjective adjective","tall","5b0d0beed282ff00015b9972","Both"
"810","control subjective adjective","tall","5f209b1e0a82d13bdaba5ca8","Both"
"811","control subjective adjective","tall","60f812d0f31821f664837af6","Both"
"812","control subjective adjective","tall","5acd8aea1667e40001d8cbf0","Elaine right"
"813","control subjective adjective","tall","5fac89c216b5ae293eb9cfd9","Neither"
"814","control subjective adjective","tall","5e8367e61eb24809a596ca93","Both"
"815","control subjective adjective","tall","5e41d56250cd36000ac74d1e","Both"
"816","control subjective adjective","tall","6040ba427ef1082f7a904328","Both"
"817","control subjective adjective","tall","5e3084b0a7365308178187b7","Both"
"818","control subjective adjective","tall","5bbbf217a83521000173d9df","Both"
"819","control subjective adjective","tall","5eee761287fdd331fc618449","Both"
"820","control subjective adjective","tall","60426ee0eea59612c23d9dea","Neither"
"821","control subjective adjective","tall","5ead973f1e0b1306ab65cf4e","Both"
"822","control subjective adjective","tall","6051f9a32647a5a8f1dc723a","Akira right"
"823","control subjective adjective","tall","60bb27421fd22f2c13e36a9f","Both"
"824","control subjective adjective","tall","6045e7510fe898738671a243","Both"
"825","control subjective adjective","tall","5ac388a8a3ba7a0001b48eb4","Both"
"826","control subjective adjective","tall","60cea4440cad5e1e131e1ecb","Both"
"827","control subjective adjective","tall","60460256be7c58000ad5f8de","Both"
"828","control subjective adjective","tall","60ccc19d566f2acd42687fbc","Both"
"829","control subjective adjective","tall","62d7135195e9a0b414a4f6e7","Both"
"830","control subjective adjective","tall","5f356b8d0535c7518ca3eee9","Both"
"831","control subjective adjective","tall","5c0ef103857373000152f759","Both"
"832","control subjective adjective","tall","606b5632b44fc8c52a0d7eca","Neither"
"833","control subjective adjective","tall","60045d2bff9c01225adc09d4","Neither"
"834","control subjective adjective","tall","614489d3b4027f596c3a243e","Both"
"835","control subjective adjective","tall","5fae19fbde495925ff78fbed","Both"
"836","control subjective adjective","tall","62cec7f466644816502d3dae","Both"
"837","control subjective adjective","tall","5f33ff8e16dac32741bf2b90","Both"
"838","control subjective adjective","tall","5e6003da868950348ea8cdec","Neither"
"839","control subjective adjective","tall","5e56bea5817a2406b438e438","Neither"
"840","control subjective adjective","tall","6091bcc967016811f0f05489","Both"
"841","control subjective adjective","tall","612b5b701046f357e00c6096","Both"
"842","control subjective adjective","tall","62d81a6905483d3448497049","Neither"
"843","control subjective adjective","tall","60b5e7d1c80820b660a15282","Both"
"844","control subjective adjective","tall","60e0c90c4ea39fb38ed40f18","Both"
"845","control subjective adjective","tall","6097ec1a8c0b4df21cbb9024","Both"
"846","control subjective adjective","tall","5f860adba36f4012cb5043c0","Neither"
"847","control subjective adjective","tall","5f3dec9a4c8ba4213fd77b05","Both"
"848","control subjective adjective","tall","5d28701c573e380001514923","Both"
"849","control subjective adjective","tall","5efbc3a84e1b6416ad27a3ec","Neither"
"850","control subjective adjective","tall","5c3d0637e0ea8200014601a4","Neither"
"851","artifact","harpoon","6156251081636f64b8e5db9d","Akira right"
"852","artifact","harpoon","5a296168390d120001c706c5","Akira right"
"853","artifact","harpoon","5e5a97eb8bca2328a1d73434","Akira right"
"854","artifact","harpoon","60fced07e4f860f80b98a4cf","Akira right"
"855","artifact","harpoon","60ff088897c45927e7c6e180","Elaine right"
"856","artifact","harpoon","61115c54d46f4606854c8843","Both"
"857","artifact","harpoon","5fc1fe3d0e7f99235244a2e7","Akira right"
"858","artifact","harpoon","598331f561214a0001f1462f","Both"
"859","artifact","harpoon","5b0d0beed282ff00015b9972","Akira right"
"860","artifact","harpoon","5f209b1e0a82d13bdaba5ca8","Elaine right"
"861","artifact","harpoon","60f812d0f31821f664837af6","Akira right"
"862","artifact","harpoon","5acd8aea1667e40001d8cbf0","Neither"
"863","artifact","harpoon","5fac89c216b5ae293eb9cfd9","Elaine right"
"864","artifact","harpoon","5e8367e61eb24809a596ca93","Elaine right"
"865","artifact","harpoon","5e41d56250cd36000ac74d1e","Both"
"866","artifact","harpoon","6040ba427ef1082f7a904328","Elaine right"
"867","artifact","harpoon","5e3084b0a7365308178187b7","Akira right"
"868","artifact","harpoon","5bbbf217a83521000173d9df","Akira right"
"869","artifact","harpoon","5eee761287fdd331fc618449","Akira right"
"870","artifact","harpoon","60426ee0eea59612c23d9dea","Elaine right"
"871","artifact","harpoon","5ead973f1e0b1306ab65cf4e","Akira right"
"872","artifact","harpoon","6051f9a32647a5a8f1dc723a","Elaine right"
"873","artifact","harpoon","60bb27421fd22f2c13e36a9f","Both"
"874","artifact","harpoon","6045e7510fe898738671a243","Elaine right"
"875","artifact","harpoon","5ac388a8a3ba7a0001b48eb4","Akira right"
"876","artifact","harpoon","60cea4440cad5e1e131e1ecb","Akira right"
"877","artifact","harpoon","60460256be7c58000ad5f8de","Elaine right"
"878","artifact","harpoon","60ccc19d566f2acd42687fbc","Akira right"
"879","artifact","harpoon","62d7135195e9a0b414a4f6e7","Both"
"880","artifact","harpoon","5f356b8d0535c7518ca3eee9","Elaine right"
"881","artifact","harpoon","5c0ef103857373000152f759","Elaine right"
"882","artifact","harpoon","606b5632b44fc8c52a0d7eca","Elaine right"
"883","artifact","harpoon","60045d2bff9c01225adc09d4","Elaine right"
"884","artifact","harpoon","614489d3b4027f596c3a243e","Elaine right"
"885","artifact","harpoon","5fae19fbde495925ff78fbed","Akira right"
"886","artifact","harpoon","62cec7f466644816502d3dae","Elaine right"
"887","artifact","harpoon","5f33ff8e16dac32741bf2b90","Elaine right"
"888","artifact","harpoon","5e6003da868950348ea8cdec","Both"
"889","artifact","harpoon","5e56bea5817a2406b438e438","Elaine right"
"890","artifact","harpoon","6091bcc967016811f0f05489","Akira right"
"891","artifact","harpoon","612b5b701046f357e00c6096","Both"
"892","artifact","harpoon","62d81a6905483d3448497049","Elaine right"
"893","artifact","harpoon","60b5e7d1c80820b660a15282","Both"
"894","artifact","harpoon","60e0c90c4ea39fb38ed40f18","Elaine right"
"895","artifact","harpoon","6097ec1a8c0b4df21cbb9024","Both"
"896","artifact","harpoon","5f860adba36f4012cb5043c0","Elaine right"
"897","artifact","harpoon","5f3dec9a4c8ba4213fd77b05","Elaine right"
"898","artifact","harpoon","5d28701c573e380001514923","Elaine right"
"899","artifact","harpoon","5efbc3a84e1b6416ad27a3ec","Elaine right"
"900","artifact","harpoon","5c3d0637e0ea8200014601a4","Akira right"
"901","abstract concept","minister","6156251081636f64b8e5db9d","Akira right"
"902","abstract concept","minister","5a296168390d120001c706c5","Neither"
"903","abstract concept","minister","5e5a97eb8bca2328a1d73434","Both"
"904","abstract concept","minister","60fced07e4f860f80b98a4cf","Akira right"
"905","abstract concept","minister","60ff088897c45927e7c6e180","Both"
"906","abstract concept","minister","61115c54d46f4606854c8843","Elaine right"
"907","abstract concept","minister","5fc1fe3d0e7f99235244a2e7","Both"
"908","abstract concept","minister","598331f561214a0001f1462f","Both"
"909","abstract concept","minister","5b0d0beed282ff00015b9972","Both"
"910","abstract concept","minister","5f209b1e0a82d13bdaba5ca8","Akira right"
"911","abstract concept","minister","60f812d0f31821f664837af6","Elaine right"
"912","abstract concept","minister","5acd8aea1667e40001d8cbf0","Both"
"913","abstract concept","minister","5fac89c216b5ae293eb9cfd9","Akira right"
"914","abstract concept","minister","5e8367e61eb24809a596ca93","Both"
"915","abstract concept","minister","5e41d56250cd36000ac74d1e","Both"
"916","abstract concept","minister","6040ba427ef1082f7a904328","Elaine right"
"917","abstract concept","minister","5e3084b0a7365308178187b7","Akira right"
"918","abstract concept","minister","5bbbf217a83521000173d9df","Akira right"
"919","abstract concept","minister","5eee761287fdd331fc618449","Akira right"
"920","abstract concept","minister","60426ee0eea59612c23d9dea","Akira right"
"921","abstract concept","minister","5ead973f1e0b1306ab65cf4e","Akira right"
"922","abstract concept","minister","6051f9a32647a5a8f1dc723a","Elaine right"
"923","abstract concept","minister","60bb27421fd22f2c13e36a9f","Elaine right"
"924","abstract concept","minister","6045e7510fe898738671a243","Both"
"925","abstract concept","minister","5ac388a8a3ba7a0001b48eb4","Both"
"926","abstract concept","minister","60cea4440cad5e1e131e1ecb","Elaine right"
"927","abstract concept","minister","60460256be7c58000ad5f8de","Both"
"928","abstract concept","minister","60ccc19d566f2acd42687fbc","Akira right"
"929","abstract concept","minister","62d7135195e9a0b414a4f6e7","Both"
"930","abstract concept","minister","5f356b8d0535c7518ca3eee9","Akira right"
"931","abstract concept","minister","5c0ef103857373000152f759","Elaine right"
"932","abstract concept","minister","606b5632b44fc8c52a0d7eca","Elaine right"
"933","abstract concept","minister","60045d2bff9c01225adc09d4","Elaine right"
"934","abstract concept","minister","614489d3b4027f596c3a243e","Akira right"
"935","abstract concept","minister","5fae19fbde495925ff78fbed","Elaine right"
"936","abstract concept","minister","62cec7f466644816502d3dae","Elaine right"
"937","abstract concept","minister","5f33ff8e16dac32741bf2b90","Elaine right"
"938","abstract concept","minister","5e6003da868950348ea8cdec","Both"
"939","abstract concept","minister","5e56bea5817a2406b438e438","Elaine right"
"940","abstract concept","minister","6091bcc967016811f0f05489","Akira right"
"941","abstract concept","minister","612b5b701046f357e00c6096","Elaine right"
"942","abstract concept","minister","62d81a6905483d3448497049","Elaine right"
"943","abstract concept","minister","60b5e7d1c80820b660a15282","Elaine right"
"944","abstract concept","minister","60e0c90c4ea39fb38ed40f18","Elaine right"
"945","abstract concept","minister","6097ec1a8c0b4df21cbb9024","Elaine right"
"946","abstract concept","minister","5f860adba36f4012cb5043c0","Both"
"947","abstract concept","minister","5f3dec9a4c8ba4213fd77b05","Elaine right"
"948","abstract concept","minister","5d28701c573e380001514923","Both"
"949","abstract concept","minister","5efbc3a84e1b6416ad27a3ec","Elaine right"
"950","abstract concept","minister","5c3d0637e0ea8200014601a4","Elaine right"
"951","natural kind","gold","6156251081636f64b8e5db9d","Elaine right"
"952","natural kind","gold","5a296168390d120001c706c5","Both"
"953","natural kind","gold","5e5a97eb8bca2328a1d73434","Both"
"954","natural kind","gold","60fced07e4f860f80b98a4cf","Elaine right"
"955","natural kind","gold","60ff088897c45927e7c6e180","Neither"
"956","natural kind","gold","61115c54d46f4606854c8843","Elaine right"
"957","natural kind","gold","5fc1fe3d0e7f99235244a2e7","Elaine right"
"958","natural kind","gold","598331f561214a0001f1462f","Elaine right"
"959","natural kind","gold","5b0d0beed282ff00015b9972","Elaine right"
"960","natural kind","gold","5f209b1e0a82d13bdaba5ca8","Elaine right"
"961","natural kind","gold","60f812d0f31821f664837af6","Elaine right"
"962","natural kind","gold","5acd8aea1667e40001d8cbf0","Elaine right"
"963","natural kind","gold","5fac89c216b5ae293eb9cfd9","Elaine right"
"964","natural kind","gold","5e8367e61eb24809a596ca93","Elaine right"
"965","natural kind","gold","5e41d56250cd36000ac74d1e","Akira right"
"966","natural kind","gold","6040ba427ef1082f7a904328","Elaine right"
"967","natural kind","gold","5e3084b0a7365308178187b7","Elaine right"
"968","natural kind","gold","5bbbf217a83521000173d9df","Elaine right"
"969","natural kind","gold","5eee761287fdd331fc618449","Elaine right"
"970","natural kind","gold","60426ee0eea59612c23d9dea","Elaine right"
"971","natural kind","gold","5ead973f1e0b1306ab65cf4e","Akira right"
"972","natural kind","gold","6051f9a32647a5a8f1dc723a","Neither"
"973","natural kind","gold","60bb27421fd22f2c13e36a9f","Akira right"
"974","natural kind","gold","6045e7510fe898738671a243","Elaine right"
"975","natural kind","gold","5ac388a8a3ba7a0001b48eb4","Elaine right"
"976","natural kind","gold","60cea4440cad5e1e131e1ecb","Elaine right"
"977","natural kind","gold","60460256be7c58000ad5f8de","Akira right"
"978","natural kind","gold","60ccc19d566f2acd42687fbc","Elaine right"
"979","natural kind","gold","62d7135195e9a0b414a4f6e7","Both"
"980","natural kind","gold","5f356b8d0535c7518ca3eee9","Elaine right"
"981","natural kind","gold","5c0ef103857373000152f759","Elaine right"
"982","natural kind","gold","606b5632b44fc8c52a0d7eca","Elaine right"
"983","natural kind","gold","60045d2bff9c01225adc09d4","Elaine right"
"984","natural kind","gold","614489d3b4027f596c3a243e","Akira right"
"985","natural kind","gold","5fae19fbde495925ff78fbed","Elaine right"
"986","natural kind","gold","62cec7f466644816502d3dae","Neither"
"987","natural kind","gold","5f33ff8e16dac32741bf2b90","Elaine right"
"988","natural kind","gold","5e6003da868950348ea8cdec","Elaine right"
"989","natural kind","gold","5e56bea5817a2406b438e438","Elaine right"
"990","natural kind","gold","6091bcc967016811f0f05489","Elaine right"
"991","natural kind","gold","612b5b701046f357e00c6096","Both"
"992","natural kind","gold","62d81a6905483d3448497049","Elaine right"
"993","natural kind","gold","60b5e7d1c80820b660a15282","Both"
"994","natural kind","gold","60e0c90c4ea39fb38ed40f18","Elaine right"
"995","natural kind","gold","6097ec1a8c0b4df21cbb9024","Both"
"996","natural kind","gold","5f860adba36f4012cb5043c0","Elaine right"
"997","natural kind","gold","5f3dec9a4c8ba4213fd77b05","Elaine right"
"998","natural kind","gold","5d28701c573e380001514923","Elaine right"
"999","natural kind","gold","5efbc3a84e1b6416ad27a3ec","Elaine right"
"1000","natural kind","gold","5c3d0637e0ea8200014601a4","Elaine right"
"1001","control precise definition","gallon","6156251081636f64b8e5db9d","Elaine right"
"1002","control precise definition","gallon","5a296168390d120001c706c5","Akira right"
"1003","control precise definition","gallon","5e5a97eb8bca2328a1d73434","Neither"
"1004","control precise definition","gallon","60fced07e4f860f80b98a4cf","Elaine right"
"1005","control precise definition","gallon","60ff088897c45927e7c6e180","Akira right"
"1006","control precise definition","gallon","61115c54d46f4606854c8843","Elaine right"
"1007","control precise definition","gallon","5fc1fe3d0e7f99235244a2e7","Elaine right"
"1008","control precise definition","gallon","598331f561214a0001f1462f","Elaine right"
"1009","control precise definition","gallon","5b0d0beed282ff00015b9972","Elaine right"
"1010","control precise definition","gallon","5f209b1e0a82d13bdaba5ca8","Elaine right"
"1011","control precise definition","gallon","60f812d0f31821f664837af6","Elaine right"
"1012","control precise definition","gallon","5acd8aea1667e40001d8cbf0","Elaine right"
"1013","control precise definition","gallon","5fac89c216b5ae293eb9cfd9","Elaine right"
"1014","control precise definition","gallon","5e8367e61eb24809a596ca93","Elaine right"
"1015","control precise definition","gallon","5e41d56250cd36000ac74d1e","Elaine right"
"1016","control precise definition","gallon","6040ba427ef1082f7a904328","Elaine right"
"1017","control precise definition","gallon","5e3084b0a7365308178187b7","Elaine right"
"1018","control precise definition","gallon","5bbbf217a83521000173d9df","Elaine right"
"1019","control precise definition","gallon","5eee761287fdd331fc618449","Elaine right"
"1020","control precise definition","gallon","60426ee0eea59612c23d9dea","Elaine right"
"1021","control precise definition","gallon","5ead973f1e0b1306ab65cf4e","Akira right"
"1022","control precise definition","gallon","6051f9a32647a5a8f1dc723a","Elaine right"
"1023","control precise definition","gallon","60bb27421fd22f2c13e36a9f","Elaine right"
"1024","control precise definition","gallon","6045e7510fe898738671a243","Elaine right"
"1025","control precise definition","gallon","5ac388a8a3ba7a0001b48eb4","Elaine right"
"1026","control precise definition","gallon","60cea4440cad5e1e131e1ecb","Elaine right"
"1027","control precise definition","gallon","60460256be7c58000ad5f8de","Both"
"1028","control precise definition","gallon","60ccc19d566f2acd42687fbc","Elaine right"
"1029","control precise definition","gallon","62d7135195e9a0b414a4f6e7","Elaine right"
"1030","control precise definition","gallon","5f356b8d0535c7518ca3eee9","Elaine right"
"1031","control precise definition","gallon","5c0ef103857373000152f759","Elaine right"
"1032","control precise definition","gallon","606b5632b44fc8c52a0d7eca","Elaine right"
"1033","control precise definition","gallon","60045d2bff9c01225adc09d4","Elaine right"
"1034","control precise definition","gallon","614489d3b4027f596c3a243e","Elaine right"
"1035","control precise definition","gallon","5fae19fbde495925ff78fbed","Elaine right"
"1036","control precise definition","gallon","62cec7f466644816502d3dae","Elaine right"
"1037","control precise definition","gallon","5f33ff8e16dac32741bf2b90","Elaine right"
"1038","control precise definition","gallon","5e6003da868950348ea8cdec","Elaine right"
"1039","control precise definition","gallon","5e56bea5817a2406b438e438","Elaine right"
"1040","control precise definition","gallon","6091bcc967016811f0f05489","Elaine right"
"1041","control precise definition","gallon","612b5b701046f357e00c6096","Elaine right"
"1042","control precise definition","gallon","62d81a6905483d3448497049","Elaine right"
"1043","control precise definition","gallon","60b5e7d1c80820b660a15282","Akira right"
"1044","control precise definition","gallon","60e0c90c4ea39fb38ed40f18","Elaine right"
"1045","control precise definition","gallon","6097ec1a8c0b4df21cbb9024","Elaine right"
"1046","control precise definition","gallon","5f860adba36f4012cb5043c0","Elaine right"
"1047","control precise definition","gallon","5f3dec9a4c8ba4213fd77b05","Elaine right"
"1048","control precise definition","gallon","5d28701c573e380001514923","Elaine right"
"1049","control precise definition","gallon","5efbc3a84e1b6416ad27a3ec","Elaine right"
"1050","control precise definition","gallon","5c3d0637e0ea8200014601a4","Elaine right"
"1051","artifact","shovel","6156251081636f64b8e5db9d","Elaine right"
"1052","artifact","shovel","5a296168390d120001c706c5","Both"
"1053","artifact","shovel","5e5a97eb8bca2328a1d73434","Akira right"
"1054","artifact","shovel","60fced07e4f860f80b98a4cf","Elaine right"
"1055","artifact","shovel","60ff088897c45927e7c6e180","Both"
"1056","artifact","shovel","61115c54d46f4606854c8843","Both"
"1057","artifact","shovel","5fc1fe3d0e7f99235244a2e7","Both"
"1058","artifact","shovel","598331f561214a0001f1462f","Elaine right"
"1059","artifact","shovel","5b0d0beed282ff00015b9972","Both"
"1060","artifact","shovel","5f209b1e0a82d13bdaba5ca8","Elaine right"
"1061","artifact","shovel","60f812d0f31821f664837af6","Elaine right"
"1062","artifact","shovel","5acd8aea1667e40001d8cbf0","Both"
"1063","artifact","shovel","5fac89c216b5ae293eb9cfd9","Elaine right"
"1064","artifact","shovel","5e8367e61eb24809a596ca93","Elaine right"
"1065","artifact","shovel","5e41d56250cd36000ac74d1e","Neither"
"1066","artifact","shovel","6040ba427ef1082f7a904328","Elaine right"
"1067","artifact","shovel","5e3084b0a7365308178187b7","Elaine right"
"1068","artifact","shovel","5bbbf217a83521000173d9df","Elaine right"
"1069","artifact","shovel","5eee761287fdd331fc618449","Elaine right"
"1070","artifact","shovel","60426ee0eea59612c23d9dea","Elaine right"
"1071","artifact","shovel","5ead973f1e0b1306ab65cf4e","Akira right"
"1072","artifact","shovel","6051f9a32647a5a8f1dc723a","Neither"
"1073","artifact","shovel","60bb27421fd22f2c13e36a9f","Elaine right"
"1074","artifact","shovel","6045e7510fe898738671a243","Elaine right"
"1075","artifact","shovel","5ac388a8a3ba7a0001b48eb4","Akira right"
"1076","artifact","shovel","60cea4440cad5e1e131e1ecb","Elaine right"
"1077","artifact","shovel","60460256be7c58000ad5f8de","Elaine right"
"1078","artifact","shovel","60ccc19d566f2acd42687fbc","Both"
"1079","artifact","shovel","62d7135195e9a0b414a4f6e7","Both"
"1080","artifact","shovel","5f356b8d0535c7518ca3eee9","Elaine right"
"1081","artifact","shovel","5c0ef103857373000152f759","Elaine right"
"1082","artifact","shovel","606b5632b44fc8c52a0d7eca","Elaine right"
"1083","artifact","shovel","60045d2bff9c01225adc09d4","Elaine right"
"1084","artifact","shovel","614489d3b4027f596c3a243e","Elaine right"
"1085","artifact","shovel","5fae19fbde495925ff78fbed","Akira right"
"1086","artifact","shovel","62cec7f466644816502d3dae","Elaine right"
"1087","artifact","shovel","5f33ff8e16dac32741bf2b90","Elaine right"
"1088","artifact","shovel","5e6003da868950348ea8cdec","Akira right"
"1089","artifact","shovel","5e56bea5817a2406b438e438","Elaine right"
"1090","artifact","shovel","6091bcc967016811f0f05489","Both"
"1091","artifact","shovel","612b5b701046f357e00c6096","Both"
"1092","artifact","shovel","62d81a6905483d3448497049","Elaine right"
"1093","artifact","shovel","60b5e7d1c80820b660a15282","Elaine right"
"1094","artifact","shovel","60e0c90c4ea39fb38ed40f18","Elaine right"
"1095","artifact","shovel","6097ec1a8c0b4df21cbb9024","Both"
"1096","artifact","shovel","5f860adba36f4012cb5043c0","Elaine right"
"1097","artifact","shovel","5f3dec9a4c8ba4213fd77b05","Elaine right"
"1098","artifact","shovel","5d28701c573e380001514923","Elaine right"
"1099","artifact","shovel","5efbc3a84e1b6416ad27a3ec","Elaine right"
"1100","artifact","shovel","5c3d0637e0ea8200014601a4","Elaine right"
"1101","control check","control honeybee","6156251081636f64b8e5db9d","Akira right"
"1102","control check","control honeybee","5a296168390d120001c706c5","Akira right"
"1103","control check","control honeybee","5e5a97eb8bca2328a1d73434","Akira right"
"1104","control check","control honeybee","60fced07e4f860f80b98a4cf","Elaine right"
"1105","control check","control honeybee","60ff088897c45927e7c6e180","Elaine right"
"1106","control check","control honeybee","61115c54d46f4606854c8843","Elaine right"
"1107","control check","control honeybee","5fc1fe3d0e7f99235244a2e7","Elaine right"
"1108","control check","control honeybee","598331f561214a0001f1462f","Neither"
"1109","control check","control honeybee","5b0d0beed282ff00015b9972","Elaine right"
"1110","control check","control honeybee","5f209b1e0a82d13bdaba5ca8","Neither"
"1111","control check","control honeybee","60f812d0f31821f664837af6","Elaine right"
"1112","control check","control honeybee","5acd8aea1667e40001d8cbf0","Neither"
"1113","control check","control honeybee","5fac89c216b5ae293eb9cfd9","Neither"
"1114","control check","control honeybee","5e8367e61eb24809a596ca93","Elaine right"
"1115","control check","control honeybee","5e41d56250cd36000ac74d1e","Akira right"
"1116","control check","control honeybee","6040ba427ef1082f7a904328","Akira right"
"1117","control check","control honeybee","5e3084b0a7365308178187b7","Akira right"
"1118","control check","control honeybee","5bbbf217a83521000173d9df","Akira right"
"1119","control check","control honeybee","5eee761287fdd331fc618449","Akira right"
"1120","control check","control honeybee","60426ee0eea59612c23d9dea","Elaine right"
"1121","control check","control honeybee","5ead973f1e0b1306ab65cf4e","Akira right"
"1122","control check","control honeybee","6051f9a32647a5a8f1dc723a","Neither"
"1123","control check","control honeybee","60bb27421fd22f2c13e36a9f","Both"
"1124","control check","control honeybee","6045e7510fe898738671a243","Neither"
"1125","control check","control honeybee","5ac388a8a3ba7a0001b48eb4","Elaine right"
"1126","control check","control honeybee","60cea4440cad5e1e131e1ecb","Neither"
"1127","control check","control honeybee","60460256be7c58000ad5f8de","Akira right"
"1128","control check","control honeybee","60ccc19d566f2acd42687fbc","Neither"
"1129","control check","control honeybee","62d7135195e9a0b414a4f6e7","Akira right"
"1130","control check","control honeybee","5f356b8d0535c7518ca3eee9","Elaine right"
"1131","control check","control honeybee","5c0ef103857373000152f759","Elaine right"
"1132","control check","control honeybee","606b5632b44fc8c52a0d7eca","Neither"
"1133","control check","control honeybee","60045d2bff9c01225adc09d4","Akira right"
"1134","control check","control honeybee","614489d3b4027f596c3a243e","Neither"
"1135","control check","control honeybee","5fae19fbde495925ff78fbed","Elaine right"
"1136","control check","control honeybee","62cec7f466644816502d3dae","Akira right"
"1137","control check","control honeybee","5f33ff8e16dac32741bf2b90","Elaine right"
"1138","control check","control honeybee","5e6003da868950348ea8cdec","Elaine right"
"1139","control check","control honeybee","5e56bea5817a2406b438e438","Neither"
"1140","control check","control honeybee","6091bcc967016811f0f05489","Elaine right"
"1141","control check","control honeybee","612b5b701046f357e00c6096","Akira right"
"1142","control check","control honeybee","62d81a6905483d3448497049","Neither"
"1143","control check","control honeybee","60b5e7d1c80820b660a15282","Both"
"1144","control check","control honeybee","60e0c90c4ea39fb38ed40f18","Neither"
"1145","control check","control honeybee","6097ec1a8c0b4df21cbb9024","Elaine right"
"1146","control check","control honeybee","5f860adba36f4012cb5043c0","Both"
"1147","control check","control honeybee","5f3dec9a4c8ba4213fd77b05","Neither"
"1148","control check","control honeybee","5d28701c573e380001514923","Elaine right"
"1149","control check","control honeybee","5efbc3a84e1b6416ad27a3ec","Akira right"
"1150","control check","control honeybee","5c3d0637e0ea8200014601a4","Neither"
"1151","control check","control comedian","6156251081636f64b8e5db9d","Akira right"
"1152","control check","control comedian","5a296168390d120001c706c5","Akira right"
"1153","control check","control comedian","5e5a97eb8bca2328a1d73434","Akira right"
"1154","control check","control comedian","60fced07e4f860f80b98a4cf","Akira right"
"1155","control check","control comedian","60ff088897c45927e7c6e180","Both"
"1156","control check","control comedian","61115c54d46f4606854c8843","Neither"
"1157","control check","control comedian","5fc1fe3d0e7f99235244a2e7","Neither"
"1158","control check","control comedian","598331f561214a0001f1462f","Neither"
"1159","control check","control comedian","5b0d0beed282ff00015b9972","Akira right"
"1160","control check","control comedian","5f209b1e0a82d13bdaba5ca8","Neither"
"1161","control check","control comedian","60f812d0f31821f664837af6","Akira right"
"1162","control check","control comedian","5acd8aea1667e40001d8cbf0","Neither"
"1163","control check","control comedian","5fac89c216b5ae293eb9cfd9","Neither"
"1164","control check","control comedian","5e8367e61eb24809a596ca93","Neither"
"1165","control check","control comedian","5e41d56250cd36000ac74d1e","Akira right"
"1166","control check","control comedian","6040ba427ef1082f7a904328","Elaine right"
"1167","control check","control comedian","5e3084b0a7365308178187b7","Neither"
"1168","control check","control comedian","5bbbf217a83521000173d9df","Akira right"
"1169","control check","control comedian","5eee761287fdd331fc618449","Neither"
"1170","control check","control comedian","60426ee0eea59612c23d9dea","Neither"
"1171","control check","control comedian","5ead973f1e0b1306ab65cf4e","Both"
"1172","control check","control comedian","6051f9a32647a5a8f1dc723a","Neither"
"1173","control check","control comedian","60bb27421fd22f2c13e36a9f","Akira right"
"1174","control check","control comedian","6045e7510fe898738671a243","Both"
"1175","control check","control comedian","5ac388a8a3ba7a0001b48eb4","Neither"
"1176","control check","control comedian","60cea4440cad5e1e131e1ecb","Neither"
"1177","control check","control comedian","60460256be7c58000ad5f8de","Both"
"1178","control check","control comedian","60ccc19d566f2acd42687fbc","Neither"
"1179","control check","control comedian","62d7135195e9a0b414a4f6e7","Neither"
"1180","control check","control comedian","5f356b8d0535c7518ca3eee9","Akira right"
"1181","control check","control comedian","5c0ef103857373000152f759","Neither"
"1182","control check","control comedian","606b5632b44fc8c52a0d7eca","Neither"
"1183","control check","control comedian","60045d2bff9c01225adc09d4","Neither"
"1184","control check","control comedian","614489d3b4027f596c3a243e","Neither"
"1185","control check","control comedian","5fae19fbde495925ff78fbed","Elaine right"
"1186","control check","control comedian","62cec7f466644816502d3dae","Elaine right"
"1187","control check","control comedian","5f33ff8e16dac32741bf2b90","Both"
"1188","control check","control comedian","5e6003da868950348ea8cdec","Akira right"
"1189","control check","control comedian","5e56bea5817a2406b438e438","Neither"
"1190","control check","control comedian","6091bcc967016811f0f05489","Neither"
"1191","control check","control comedian","612b5b701046f357e00c6096","Neither"
"1192","control check","control comedian","62d81a6905483d3448497049","Neither"
"1193","control check","control comedian","60b5e7d1c80820b660a15282","Elaine right"
"1194","control check","control comedian","60e0c90c4ea39fb38ed40f18","Neither"
"1195","control check","control comedian","6097ec1a8c0b4df21cbb9024","Both"
"1196","control check","control comedian","5f860adba36f4012cb5043c0","Akira right"
"1197","control check","control comedian","5f3dec9a4c8ba4213fd77b05","Elaine right"
"1198","control check","control comedian","5d28701c573e380001514923","Both"
"1199","control check","control comedian","5efbc3a84e1b6416ad27a3ec","Neither"
"1200","control check","control comedian","5c3d0637e0ea8200014601a4","Akira right"
"1201","control check","control clock","6156251081636f64b8e5db9d","Elaine right"
"1202","control check","control clock","5a296168390d120001c706c5","Akira right"
"1203","control check","control clock","5e5a97eb8bca2328a1d73434","Elaine right"
"1204","control check","control clock","60fced07e4f860f80b98a4cf","Elaine right"
"1205","control check","control clock","60ff088897c45927e7c6e180","Akira right"
"1206","control check","control clock","61115c54d46f4606854c8843","Elaine right"
"1207","control check","control clock","5fc1fe3d0e7f99235244a2e7","Elaine right"
"1208","control check","control clock","598331f561214a0001f1462f","Elaine right"
"1209","control check","control clock","5b0d0beed282ff00015b9972","Elaine right"
"1210","control check","control clock","5f209b1e0a82d13bdaba5ca8","Elaine right"
"1211","control check","control clock","60f812d0f31821f664837af6","Elaine right"
"1212","control check","control clock","5acd8aea1667e40001d8cbf0","Elaine right"
"1213","control check","control clock","5fac89c216b5ae293eb9cfd9","Neither"
"1214","control check","control clock","5e8367e61eb24809a596ca93","Elaine right"
"1215","control check","control clock","5e41d56250cd36000ac74d1e","Elaine right"
"1216","control check","control clock","6040ba427ef1082f7a904328","Elaine right"
"1217","control check","control clock","5e3084b0a7365308178187b7","Elaine right"
"1218","control check","control clock","5bbbf217a83521000173d9df","Elaine right"
"1219","control check","control clock","5eee761287fdd331fc618449","Elaine right"
"1220","control check","control clock","60426ee0eea59612c23d9dea","Elaine right"
"1221","control check","control clock","5ead973f1e0b1306ab65cf4e","Elaine right"
"1222","control check","control clock","6051f9a32647a5a8f1dc723a","Elaine right"
"1223","control check","control clock","60bb27421fd22f2c13e36a9f","Elaine right"
"1224","control check","control clock","6045e7510fe898738671a243","Elaine right"
"1225","control check","control clock","5ac388a8a3ba7a0001b48eb4","Neither"
"1226","control check","control clock","60cea4440cad5e1e131e1ecb","Elaine right"
"1227","control check","control clock","60460256be7c58000ad5f8de","Elaine right"
"1228","control check","control clock","60ccc19d566f2acd42687fbc","Elaine right"
"1229","control check","control clock","62d7135195e9a0b414a4f6e7","Elaine right"
"1230","control check","control clock","5f356b8d0535c7518ca3eee9","Elaine right"
"1231","control check","control clock","5c0ef103857373000152f759","Elaine right"
"1232","control check","control clock","606b5632b44fc8c52a0d7eca","Elaine right"
"1233","control check","control clock","60045d2bff9c01225adc09d4","Elaine right"
"1234","control check","control clock","614489d3b4027f596c3a243e","Elaine right"
"1235","control check","control clock","5fae19fbde495925ff78fbed","Akira right"
"1236","control check","control clock","62cec7f466644816502d3dae","Elaine right"
"1237","control check","control clock","5f33ff8e16dac32741bf2b90","Elaine right"
"1238","control check","control clock","5e6003da868950348ea8cdec","Akira right"
"1239","control check","control clock","5e56bea5817a2406b438e438","Elaine right"
"1240","control check","control clock","6091bcc967016811f0f05489","Elaine right"
"1241","control check","control clock","612b5b701046f357e00c6096","Elaine right"
"1242","control check","control clock","62d81a6905483d3448497049","Elaine right"
"1243","control check","control clock","60b5e7d1c80820b660a15282","Akira right"
"1244","control check","control clock","60e0c90c4ea39fb38ed40f18","Elaine right"
"1245","control check","control clock","6097ec1a8c0b4df21cbb9024","Elaine right"
"1246","control check","control clock","5f860adba36f4012cb5043c0","Elaine right"
"1247","control check","control clock","5f3dec9a4c8ba4213fd77b05","Elaine right"
"1248","control check","control clock","5d28701c573e380001514923","Elaine right"
"1249","control check","control clock","5efbc3a84e1b6416ad27a3ec","Elaine right"
"1250","control check","control clock","5c3d0637e0ea8200014601a4","Elaine right"
