"","Participant","Item","Rating","CategoryType"
"1","6122a572a760412bf9ea7f3d","Water",7,"Natural"
"2","6122a572a760412bf9ea7f3d","Spicy",4,"Vague"
"3","6122a572a760412bf9ea7f3d","Heavy.Metal",4,"Value"
"4","6122a572a760412bf9ea7f3d","Tiger",7,"Natural"
"5","6122a572a760412bf9ea7f3d","Fork",5,"Artifact"
"6","6122a572a760412bf9ea7f3d","Scientist",2,"Value"
"7","6122a572a760412bf9ea7f3d","Helium",7,"Natural"
"8","6122a572a760412bf9ea7f3d","Kettle",1,"Artifact"
"9","6122a572a760412bf9ea7f3d","Square",7,"Definite"
"10","6122a572a760412bf9ea7f3d","Mentor",2,"Value"
"11","6122a572a760412bf9ea7f3d","Zebra",6,"Natural"
"12","6122a572a760412bf9ea7f3d","Chair",3,"Artifact"
"13","6122a572a760412bf9ea7f3d","Argument",5,"Value"
"14","6122a572a760412bf9ea7f3d","Raccoon",5,"Natural"
"15","6122a572a760412bf9ea7f3d","Razor",7,"Artifact"
"16","6122a572a760412bf9ea7f3d","Artist",1,"Value"
"17","6122a572a760412bf9ea7f3d","Tall",2,"Vague"
"18","6122a572a760412bf9ea7f3d","Harpoon",1,"Artifact"
"19","6122a572a760412bf9ea7f3d","Minister",1,"Value"
"20","6122a572a760412bf9ea7f3d","Gold",7,"Natural"
"21","6122a572a760412bf9ea7f3d","Gallon",3,"Definite"
"22","6122a572a760412bf9ea7f3d","Shovel",7,"Artifact"
"23","5df8bccf15ef40642793f533","Water",7,"Natural"
"24","5df8bccf15ef40642793f533","Spicy",4,"Vague"
"25","5df8bccf15ef40642793f533","Heavy.Metal",3,"Value"
"26","5df8bccf15ef40642793f533","Tiger",7,"Natural"
"27","5df8bccf15ef40642793f533","Fork",6,"Artifact"
"28","5df8bccf15ef40642793f533","Scientist",7,"Value"
"29","5df8bccf15ef40642793f533","Helium",7,"Natural"
"30","5df8bccf15ef40642793f533","Kettle",5,"Artifact"
"31","5df8bccf15ef40642793f533","Square",7,"Definite"
"32","5df8bccf15ef40642793f533","Mentor",5,"Value"
"33","5df8bccf15ef40642793f533","Zebra",7,"Natural"
"34","5df8bccf15ef40642793f533","Chair",4,"Artifact"
"35","5df8bccf15ef40642793f533","Argument",7,"Value"
"36","5df8bccf15ef40642793f533","Raccoon",7,"Natural"
"37","5df8bccf15ef40642793f533","Razor",5,"Artifact"
"38","5df8bccf15ef40642793f533","Artist",4,"Value"
"39","5df8bccf15ef40642793f533","Tall",4,"Vague"
"40","5df8bccf15ef40642793f533","Harpoon",5,"Artifact"
"41","5df8bccf15ef40642793f533","Minister",6,"Value"
"42","5df8bccf15ef40642793f533","Gold",7,"Natural"
"43","5df8bccf15ef40642793f533","Gallon",7,"Definite"
"44","5df8bccf15ef40642793f533","Shovel",7,"Artifact"
"45","5f9df2ac7e8eeb397b3d2c89","Water",7,"Natural"
"46","5f9df2ac7e8eeb397b3d2c89","Spicy",4,"Vague"
"47","5f9df2ac7e8eeb397b3d2c89","Heavy.Metal",3,"Value"
"48","5f9df2ac7e8eeb397b3d2c89","Tiger",7,"Natural"
"49","5f9df2ac7e8eeb397b3d2c89","Fork",3,"Artifact"
"50","5f9df2ac7e8eeb397b3d2c89","Scientist",4,"Value"
"51","5f9df2ac7e8eeb397b3d2c89","Helium",7,"Natural"
"52","5f9df2ac7e8eeb397b3d2c89","Kettle",7,"Artifact"
"53","5f9df2ac7e8eeb397b3d2c89","Square",7,"Definite"
"54","5f9df2ac7e8eeb397b3d2c89","Mentor",7,"Value"
"55","5f9df2ac7e8eeb397b3d2c89","Zebra",7,"Natural"
"56","5f9df2ac7e8eeb397b3d2c89","Chair",3,"Artifact"
"57","5f9df2ac7e8eeb397b3d2c89","Argument",6,"Value"
"58","5f9df2ac7e8eeb397b3d2c89","Raccoon",7,"Natural"
"59","5f9df2ac7e8eeb397b3d2c89","Razor",7,"Artifact"
"60","5f9df2ac7e8eeb397b3d2c89","Artist",2,"Value"
"61","5f9df2ac7e8eeb397b3d2c89","Tall",2,"Vague"
"62","5f9df2ac7e8eeb397b3d2c89","Harpoon",2,"Artifact"
"63","5f9df2ac7e8eeb397b3d2c89","Minister",5,"Value"
"64","5f9df2ac7e8eeb397b3d2c89","Gold",7,"Natural"
"65","5f9df2ac7e8eeb397b3d2c89","Gallon",7,"Definite"
"66","5f9df2ac7e8eeb397b3d2c89","Shovel",7,"Artifact"
"67","5ebd37379b83c51afac47486","Water",5,"Natural"
"68","5ebd37379b83c51afac47486","Spicy",3,"Vague"
"69","5ebd37379b83c51afac47486","Heavy.Metal",1,"Value"
"70","5ebd37379b83c51afac47486","Tiger",5,"Natural"
"71","5ebd37379b83c51afac47486","Fork",2,"Artifact"
"72","5ebd37379b83c51afac47486","Scientist",4,"Value"
"73","5ebd37379b83c51afac47486","Helium",6,"Natural"
"74","5ebd37379b83c51afac47486","Kettle",7,"Artifact"
"75","5ebd37379b83c51afac47486","Square",7,"Definite"
"76","5ebd37379b83c51afac47486","Mentor",5,"Value"
"77","5ebd37379b83c51afac47486","Zebra",5,"Natural"
"78","5ebd37379b83c51afac47486","Chair",5,"Artifact"
"79","5ebd37379b83c51afac47486","Argument",6,"Value"
"80","5ebd37379b83c51afac47486","Raccoon",5,"Natural"
"81","5ebd37379b83c51afac47486","Razor",3,"Artifact"
"82","5ebd37379b83c51afac47486","Artist",2,"Value"
"83","5ebd37379b83c51afac47486","Tall",4,"Vague"
"84","5ebd37379b83c51afac47486","Harpoon",5,"Artifact"
"85","5ebd37379b83c51afac47486","Minister",6,"Value"
"86","5ebd37379b83c51afac47486","Gold",4,"Natural"
"87","5ebd37379b83c51afac47486","Gallon",7,"Definite"
"88","5ebd37379b83c51afac47486","Shovel",1,"Artifact"
"89","62a71ef81d294822e587f794","Water",7,"Natural"
"90","62a71ef81d294822e587f794","Spicy",6,"Vague"
"91","62a71ef81d294822e587f794","Heavy.Metal",3,"Value"
"92","62a71ef81d294822e587f794","Tiger",7,"Natural"
"93","62a71ef81d294822e587f794","Fork",5,"Artifact"
"94","62a71ef81d294822e587f794","Scientist",3,"Value"
"95","62a71ef81d294822e587f794","Helium",2,"Natural"
"96","62a71ef81d294822e587f794","Kettle",6,"Artifact"
"97","62a71ef81d294822e587f794","Square",7,"Definite"
"98","62a71ef81d294822e587f794","Mentor",7,"Value"
"99","62a71ef81d294822e587f794","Zebra",5,"Natural"
"100","62a71ef81d294822e587f794","Chair",6,"Artifact"
"101","62a71ef81d294822e587f794","Argument",1,"Value"
"102","62a71ef81d294822e587f794","Raccoon",7,"Natural"
"103","62a71ef81d294822e587f794","Razor",2,"Artifact"
"104","62a71ef81d294822e587f794","Artist",1,"Value"
"105","62a71ef81d294822e587f794","Tall",3,"Vague"
"106","62a71ef81d294822e587f794","Harpoon",2,"Artifact"
"107","62a71ef81d294822e587f794","Minister",2,"Value"
"108","62a71ef81d294822e587f794","Gold",2,"Natural"
"109","62a71ef81d294822e587f794","Gallon",1,"Definite"
"110","62a71ef81d294822e587f794","Shovel",2,"Artifact"
"111","592a232ed13ea60001553e51","Water",7,"Natural"
"112","592a232ed13ea60001553e51","Spicy",4,"Vague"
"113","592a232ed13ea60001553e51","Heavy.Metal",1,"Value"
"114","592a232ed13ea60001553e51","Tiger",3,"Natural"
"115","592a232ed13ea60001553e51","Fork",6,"Artifact"
"116","592a232ed13ea60001553e51","Scientist",5,"Value"
"117","592a232ed13ea60001553e51","Helium",7,"Natural"
"118","592a232ed13ea60001553e51","Kettle",7,"Artifact"
"119","592a232ed13ea60001553e51","Square",7,"Definite"
"120","592a232ed13ea60001553e51","Mentor",7,"Value"
"121","592a232ed13ea60001553e51","Zebra",3,"Natural"
"122","592a232ed13ea60001553e51","Chair",6,"Artifact"
"123","592a232ed13ea60001553e51","Argument",7,"Value"
"124","592a232ed13ea60001553e51","Raccoon",3,"Natural"
"125","592a232ed13ea60001553e51","Razor",7,"Artifact"
"126","592a232ed13ea60001553e51","Artist",1,"Value"
"127","592a232ed13ea60001553e51","Tall",3,"Vague"
"128","592a232ed13ea60001553e51","Harpoon",7,"Artifact"
"129","592a232ed13ea60001553e51","Minister",2,"Value"
"130","592a232ed13ea60001553e51","Gold",7,"Natural"
"131","592a232ed13ea60001553e51","Gallon",7,"Definite"
"132","592a232ed13ea60001553e51","Shovel",7,"Artifact"
"133","61093afec675eb6f6513502b","Water",3,"Natural"
"134","61093afec675eb6f6513502b","Spicy",3,"Vague"
"135","61093afec675eb6f6513502b","Heavy.Metal",2,"Value"
"136","61093afec675eb6f6513502b","Tiger",1,"Natural"
"137","61093afec675eb6f6513502b","Fork",6,"Artifact"
"138","61093afec675eb6f6513502b","Scientist",5,"Value"
"139","61093afec675eb6f6513502b","Helium",4,"Natural"
"140","61093afec675eb6f6513502b","Kettle",6,"Artifact"
"141","61093afec675eb6f6513502b","Square",7,"Definite"
"142","61093afec675eb6f6513502b","Mentor",7,"Value"
"143","61093afec675eb6f6513502b","Zebra",4,"Natural"
"144","61093afec675eb6f6513502b","Chair",5,"Artifact"
"145","61093afec675eb6f6513502b","Argument",7,"Value"
"146","61093afec675eb6f6513502b","Raccoon",5,"Natural"
"147","61093afec675eb6f6513502b","Razor",5,"Artifact"
"148","61093afec675eb6f6513502b","Artist",5,"Value"
"149","61093afec675eb6f6513502b","Tall",2,"Vague"
"150","61093afec675eb6f6513502b","Harpoon",5,"Artifact"
"151","61093afec675eb6f6513502b","Minister",7,"Value"
"152","61093afec675eb6f6513502b","Gold",5,"Natural"
"153","61093afec675eb6f6513502b","Gallon",7,"Definite"
"154","61093afec675eb6f6513502b","Shovel",5,"Artifact"
"155","6168a0d9c9fccacf74568fd6","Water",1,"Natural"
"156","6168a0d9c9fccacf74568fd6","Spicy",4,"Vague"
"157","6168a0d9c9fccacf74568fd6","Heavy.Metal",6,"Value"
"158","6168a0d9c9fccacf74568fd6","Tiger",3,"Natural"
"159","6168a0d9c9fccacf74568fd6","Fork",4,"Artifact"
"160","6168a0d9c9fccacf74568fd6","Scientist",2,"Value"
"161","6168a0d9c9fccacf74568fd6","Helium",3,"Natural"
"162","6168a0d9c9fccacf74568fd6","Kettle",1,"Artifact"
"163","6168a0d9c9fccacf74568fd6","Square",7,"Definite"
"164","6168a0d9c9fccacf74568fd6","Mentor",3,"Value"
"165","6168a0d9c9fccacf74568fd6","Zebra",4,"Natural"
"166","6168a0d9c9fccacf74568fd6","Chair",5,"Artifact"
"167","6168a0d9c9fccacf74568fd6","Argument",7,"Value"
"168","6168a0d9c9fccacf74568fd6","Raccoon",4,"Natural"
"169","6168a0d9c9fccacf74568fd6","Razor",1,"Artifact"
"170","6168a0d9c9fccacf74568fd6","Artist",2,"Value"
"171","6168a0d9c9fccacf74568fd6","Tall",3,"Vague"
"172","6168a0d9c9fccacf74568fd6","Harpoon",4,"Artifact"
"173","6168a0d9c9fccacf74568fd6","Minister",3,"Value"
"174","6168a0d9c9fccacf74568fd6","Gold",5,"Natural"
"175","6168a0d9c9fccacf74568fd6","Gallon",4,"Definite"
"176","6168a0d9c9fccacf74568fd6","Shovel",4,"Artifact"
"177","61081159bf709b4ff3398093","Water",7,"Natural"
"178","61081159bf709b4ff3398093","Spicy",4,"Vague"
"179","61081159bf709b4ff3398093","Heavy.Metal",5,"Value"
"180","61081159bf709b4ff3398093","Tiger",6,"Natural"
"181","61081159bf709b4ff3398093","Fork",3,"Artifact"
"182","61081159bf709b4ff3398093","Scientist",2,"Value"
"183","61081159bf709b4ff3398093","Helium",7,"Natural"
"184","61081159bf709b4ff3398093","Kettle",7,"Artifact"
"185","61081159bf709b4ff3398093","Square",7,"Definite"
"186","61081159bf709b4ff3398093","Mentor",2,"Value"
"187","61081159bf709b4ff3398093","Zebra",7,"Natural"
"188","61081159bf709b4ff3398093","Chair",5,"Artifact"
"189","61081159bf709b4ff3398093","Argument",7,"Value"
"190","61081159bf709b4ff3398093","Raccoon",7,"Natural"
"191","61081159bf709b4ff3398093","Razor",7,"Artifact"
"192","61081159bf709b4ff3398093","Artist",2,"Value"
"193","61081159bf709b4ff3398093","Tall",4,"Vague"
"194","61081159bf709b4ff3398093","Harpoon",5,"Artifact"
"195","61081159bf709b4ff3398093","Minister",3,"Value"
"196","61081159bf709b4ff3398093","Gold",7,"Natural"
"197","61081159bf709b4ff3398093","Gallon",7,"Definite"
"198","61081159bf709b4ff3398093","Shovel",6,"Artifact"
"199","5fcd834970a25cca470880ae","Water",5,"Natural"
"200","5fcd834970a25cca470880ae","Spicy",3,"Vague"
"201","5fcd834970a25cca470880ae","Heavy.Metal",1,"Value"
"202","5fcd834970a25cca470880ae","Tiger",7,"Natural"
"203","5fcd834970a25cca470880ae","Fork",5,"Artifact"
"204","5fcd834970a25cca470880ae","Scientist",6,"Value"
"205","5fcd834970a25cca470880ae","Helium",7,"Natural"
"206","5fcd834970a25cca470880ae","Kettle",6,"Artifact"
"207","5fcd834970a25cca470880ae","Square",7,"Definite"
"208","5fcd834970a25cca470880ae","Mentor",7,"Value"
"209","5fcd834970a25cca470880ae","Zebra",7,"Natural"
"210","5fcd834970a25cca470880ae","Chair",5,"Artifact"
"211","5fcd834970a25cca470880ae","Argument",5,"Value"
"212","5fcd834970a25cca470880ae","Raccoon",5,"Natural"
"213","5fcd834970a25cca470880ae","Razor",5,"Artifact"
"214","5fcd834970a25cca470880ae","Artist",6,"Value"
"215","5fcd834970a25cca470880ae","Tall",2,"Vague"
"216","5fcd834970a25cca470880ae","Harpoon",5,"Artifact"
"217","5fcd834970a25cca470880ae","Minister",2,"Value"
"218","5fcd834970a25cca470880ae","Gold",7,"Natural"
"219","5fcd834970a25cca470880ae","Gallon",7,"Definite"
"220","5fcd834970a25cca470880ae","Shovel",7,"Artifact"
"221","6037c34dd1aca6000a55892e","Water",7,"Natural"
"222","6037c34dd1aca6000a55892e","Spicy",4,"Vague"
"223","6037c34dd1aca6000a55892e","Heavy.Metal",3,"Value"
"224","6037c34dd1aca6000a55892e","Tiger",1,"Natural"
"225","6037c34dd1aca6000a55892e","Fork",4,"Artifact"
"226","6037c34dd1aca6000a55892e","Scientist",3,"Value"
"227","6037c34dd1aca6000a55892e","Helium",4,"Natural"
"228","6037c34dd1aca6000a55892e","Kettle",4,"Artifact"
"229","6037c34dd1aca6000a55892e","Square",5,"Definite"
"230","6037c34dd1aca6000a55892e","Mentor",5,"Value"
"231","6037c34dd1aca6000a55892e","Zebra",5,"Natural"
"232","6037c34dd1aca6000a55892e","Chair",3,"Artifact"
"233","6037c34dd1aca6000a55892e","Argument",7,"Value"
"234","6037c34dd1aca6000a55892e","Raccoon",6,"Natural"
"235","6037c34dd1aca6000a55892e","Razor",4,"Artifact"
"236","6037c34dd1aca6000a55892e","Artist",1,"Value"
"237","6037c34dd1aca6000a55892e","Tall",4,"Vague"
"238","6037c34dd1aca6000a55892e","Harpoon",4,"Artifact"
"239","6037c34dd1aca6000a55892e","Minister",3,"Value"
"240","6037c34dd1aca6000a55892e","Gold",7,"Natural"
"241","6037c34dd1aca6000a55892e","Gallon",7,"Definite"
"242","6037c34dd1aca6000a55892e","Shovel",6,"Artifact"
"243","60191bfdb66f4201e9dd589a","Water",2,"Natural"
"244","60191bfdb66f4201e9dd589a","Spicy",4,"Vague"
"245","60191bfdb66f4201e9dd589a","Heavy.Metal",4,"Value"
"246","60191bfdb66f4201e9dd589a","Tiger",5,"Natural"
"247","60191bfdb66f4201e9dd589a","Fork",6,"Artifact"
"248","60191bfdb66f4201e9dd589a","Scientist",6,"Value"
"249","60191bfdb66f4201e9dd589a","Helium",6,"Natural"
"250","60191bfdb66f4201e9dd589a","Kettle",6,"Artifact"
"251","60191bfdb66f4201e9dd589a","Square",7,"Definite"
"252","60191bfdb66f4201e9dd589a","Mentor",7,"Value"
"253","60191bfdb66f4201e9dd589a","Zebra",6,"Natural"
"254","60191bfdb66f4201e9dd589a","Chair",7,"Artifact"
"255","60191bfdb66f4201e9dd589a","Argument",4,"Value"
"256","60191bfdb66f4201e9dd589a","Raccoon",6,"Natural"
"257","60191bfdb66f4201e9dd589a","Razor",5,"Artifact"
"258","60191bfdb66f4201e9dd589a","Artist",2,"Value"
"259","60191bfdb66f4201e9dd589a","Tall",2,"Vague"
"260","60191bfdb66f4201e9dd589a","Harpoon",2,"Artifact"
"261","60191bfdb66f4201e9dd589a","Minister",3,"Value"
"262","60191bfdb66f4201e9dd589a","Gold",4,"Natural"
"263","60191bfdb66f4201e9dd589a","Gallon",7,"Definite"
"264","60191bfdb66f4201e9dd589a","Shovel",5,"Artifact"
"265","5aca8df5436f550001000d03","Water",7,"Natural"
"266","5aca8df5436f550001000d03","Spicy",4,"Vague"
"267","5aca8df5436f550001000d03","Heavy.Metal",3,"Value"
"268","5aca8df5436f550001000d03","Tiger",7,"Natural"
"269","5aca8df5436f550001000d03","Fork",5,"Artifact"
"270","5aca8df5436f550001000d03","Scientist",3,"Value"
"271","5aca8df5436f550001000d03","Helium",7,"Natural"
"272","5aca8df5436f550001000d03","Kettle",7,"Artifact"
"273","5aca8df5436f550001000d03","Square",7,"Definite"
"274","5aca8df5436f550001000d03","Mentor",7,"Value"
"275","5aca8df5436f550001000d03","Zebra",7,"Natural"
"276","5aca8df5436f550001000d03","Chair",6,"Artifact"
"277","5aca8df5436f550001000d03","Argument",7,"Value"
"278","5aca8df5436f550001000d03","Raccoon",7,"Natural"
"279","5aca8df5436f550001000d03","Razor",7,"Artifact"
"280","5aca8df5436f550001000d03","Artist",1,"Value"
"281","5aca8df5436f550001000d03","Tall",3,"Vague"
"282","5aca8df5436f550001000d03","Harpoon",3,"Artifact"
"283","5aca8df5436f550001000d03","Minister",6,"Value"
"284","5aca8df5436f550001000d03","Gold",7,"Natural"
"285","5aca8df5436f550001000d03","Gallon",7,"Definite"
"286","5aca8df5436f550001000d03","Shovel",6,"Artifact"
"287","5f01c22f304f73327d3af3eb","Water",7,"Natural"
"288","5f01c22f304f73327d3af3eb","Spicy",3,"Vague"
"289","5f01c22f304f73327d3af3eb","Heavy.Metal",3,"Value"
"290","5f01c22f304f73327d3af3eb","Tiger",7,"Natural"
"291","5f01c22f304f73327d3af3eb","Fork",5,"Artifact"
"292","5f01c22f304f73327d3af3eb","Scientist",4,"Value"
"293","5f01c22f304f73327d3af3eb","Helium",7,"Natural"
"294","5f01c22f304f73327d3af3eb","Kettle",7,"Artifact"
"295","5f01c22f304f73327d3af3eb","Square",3,"Definite"
"296","5f01c22f304f73327d3af3eb","Mentor",5,"Value"
"297","5f01c22f304f73327d3af3eb","Zebra",7,"Natural"
"298","5f01c22f304f73327d3af3eb","Chair",5,"Artifact"
"299","5f01c22f304f73327d3af3eb","Argument",6,"Value"
"300","5f01c22f304f73327d3af3eb","Raccoon",7,"Natural"
"301","5f01c22f304f73327d3af3eb","Razor",5,"Artifact"
"302","5f01c22f304f73327d3af3eb","Artist",2,"Value"
"303","5f01c22f304f73327d3af3eb","Tall",4,"Vague"
"304","5f01c22f304f73327d3af3eb","Harpoon",5,"Artifact"
"305","5f01c22f304f73327d3af3eb","Minister",2,"Value"
"306","5f01c22f304f73327d3af3eb","Gold",5,"Natural"
"307","5f01c22f304f73327d3af3eb","Gallon",7,"Definite"
"308","5f01c22f304f73327d3af3eb","Shovel",4,"Artifact"
"309","61318d2822c359802afc0205","Water",5,"Natural"
"310","61318d2822c359802afc0205","Spicy",4,"Vague"
"311","61318d2822c359802afc0205","Heavy.Metal",3,"Value"
"312","61318d2822c359802afc0205","Tiger",5,"Natural"
"313","61318d2822c359802afc0205","Fork",2,"Artifact"
"314","61318d2822c359802afc0205","Scientist",2,"Value"
"315","61318d2822c359802afc0205","Helium",5,"Natural"
"316","61318d2822c359802afc0205","Kettle",6,"Artifact"
"317","61318d2822c359802afc0205","Square",7,"Definite"
"318","61318d2822c359802afc0205","Mentor",5,"Value"
"319","61318d2822c359802afc0205","Zebra",5,"Natural"
"320","61318d2822c359802afc0205","Chair",5,"Artifact"
"321","61318d2822c359802afc0205","Argument",4,"Value"
"322","61318d2822c359802afc0205","Raccoon",5,"Natural"
"323","61318d2822c359802afc0205","Razor",5,"Artifact"
"324","61318d2822c359802afc0205","Artist",6,"Value"
"325","61318d2822c359802afc0205","Tall",3,"Vague"
"326","61318d2822c359802afc0205","Harpoon",5,"Artifact"
"327","61318d2822c359802afc0205","Minister",3,"Value"
"328","61318d2822c359802afc0205","Gold",5,"Natural"
"329","61318d2822c359802afc0205","Gallon",7,"Definite"
"330","61318d2822c359802afc0205","Shovel",3,"Artifact"
"331","62d67fdc3881da93623a7cee","Water",7,"Natural"
"332","62d67fdc3881da93623a7cee","Spicy",4,"Vague"
"333","62d67fdc3881da93623a7cee","Heavy.Metal",3,"Value"
"334","62d67fdc3881da93623a7cee","Tiger",7,"Natural"
"335","62d67fdc3881da93623a7cee","Fork",6,"Artifact"
"336","62d67fdc3881da93623a7cee","Scientist",6,"Value"
"337","62d67fdc3881da93623a7cee","Helium",7,"Natural"
"338","62d67fdc3881da93623a7cee","Kettle",7,"Artifact"
"339","62d67fdc3881da93623a7cee","Square",7,"Definite"
"340","62d67fdc3881da93623a7cee","Mentor",3,"Value"
"341","62d67fdc3881da93623a7cee","Zebra",7,"Natural"
"342","62d67fdc3881da93623a7cee","Chair",7,"Artifact"
"343","62d67fdc3881da93623a7cee","Argument",5,"Value"
"344","62d67fdc3881da93623a7cee","Raccoon",7,"Natural"
"345","62d67fdc3881da93623a7cee","Razor",7,"Artifact"
"346","62d67fdc3881da93623a7cee","Artist",6,"Value"
"347","62d67fdc3881da93623a7cee","Tall",5,"Vague"
"348","62d67fdc3881da93623a7cee","Harpoon",7,"Artifact"
"349","62d67fdc3881da93623a7cee","Minister",1,"Value"
"350","62d67fdc3881da93623a7cee","Gold",7,"Natural"
"351","62d67fdc3881da93623a7cee","Gallon",7,"Definite"
"352","62d67fdc3881da93623a7cee","Shovel",6,"Artifact"
"353","60fd5ff30bc43791db242818","Water",7,"Natural"
"354","60fd5ff30bc43791db242818","Spicy",4,"Vague"
"355","60fd5ff30bc43791db242818","Heavy.Metal",1,"Value"
"356","60fd5ff30bc43791db242818","Tiger",6,"Natural"
"357","60fd5ff30bc43791db242818","Fork",6,"Artifact"
"358","60fd5ff30bc43791db242818","Scientist",6,"Value"
"359","60fd5ff30bc43791db242818","Helium",7,"Natural"
"360","60fd5ff30bc43791db242818","Kettle",6,"Artifact"
"361","60fd5ff30bc43791db242818","Square",7,"Definite"
"362","60fd5ff30bc43791db242818","Mentor",7,"Value"
"363","60fd5ff30bc43791db242818","Zebra",6,"Natural"
"364","60fd5ff30bc43791db242818","Chair",7,"Artifact"
"365","60fd5ff30bc43791db242818","Argument",7,"Value"
"366","60fd5ff30bc43791db242818","Raccoon",6,"Natural"
"367","60fd5ff30bc43791db242818","Razor",7,"Artifact"
"368","60fd5ff30bc43791db242818","Artist",2,"Value"
"369","60fd5ff30bc43791db242818","Tall",3,"Vague"
"370","60fd5ff30bc43791db242818","Harpoon",6,"Artifact"
"371","60fd5ff30bc43791db242818","Minister",6,"Value"
"372","60fd5ff30bc43791db242818","Gold",6,"Natural"
"373","60fd5ff30bc43791db242818","Gallon",7,"Definite"
"374","60fd5ff30bc43791db242818","Shovel",6,"Artifact"
"375","5c3d48955fd1050001a99364","Water",5,"Natural"
"376","5c3d48955fd1050001a99364","Spicy",3,"Vague"
"377","5c3d48955fd1050001a99364","Heavy.Metal",7,"Value"
"378","5c3d48955fd1050001a99364","Tiger",5,"Natural"
"379","5c3d48955fd1050001a99364","Fork",7,"Artifact"
"380","5c3d48955fd1050001a99364","Scientist",4,"Value"
"381","5c3d48955fd1050001a99364","Helium",7,"Natural"
"382","5c3d48955fd1050001a99364","Kettle",7,"Artifact"
"383","5c3d48955fd1050001a99364","Square",7,"Definite"
"384","5c3d48955fd1050001a99364","Mentor",4,"Value"
"385","5c3d48955fd1050001a99364","Zebra",4,"Natural"
"386","5c3d48955fd1050001a99364","Chair",7,"Artifact"
"387","5c3d48955fd1050001a99364","Argument",4,"Value"
"388","5c3d48955fd1050001a99364","Raccoon",7,"Natural"
"389","5c3d48955fd1050001a99364","Razor",7,"Artifact"
"390","5c3d48955fd1050001a99364","Artist",1,"Value"
"391","5c3d48955fd1050001a99364","Tall",1,"Vague"
"392","5c3d48955fd1050001a99364","Harpoon",4,"Artifact"
"393","5c3d48955fd1050001a99364","Minister",4,"Value"
"394","5c3d48955fd1050001a99364","Gold",7,"Natural"
"395","5c3d48955fd1050001a99364","Gallon",1,"Definite"
"396","5c3d48955fd1050001a99364","Shovel",4,"Artifact"
"397","5fb4b543282b20203734ba72","Water",6,"Natural"
"398","5fb4b543282b20203734ba72","Spicy",4,"Vague"
"399","5fb4b543282b20203734ba72","Heavy.Metal",1,"Value"
"400","5fb4b543282b20203734ba72","Tiger",6,"Natural"
"401","5fb4b543282b20203734ba72","Fork",1,"Artifact"
"402","5fb4b543282b20203734ba72","Scientist",5,"Value"
"403","5fb4b543282b20203734ba72","Helium",7,"Natural"
"404","5fb4b543282b20203734ba72","Kettle",6,"Artifact"
"405","5fb4b543282b20203734ba72","Square",7,"Definite"
"406","5fb4b543282b20203734ba72","Mentor",6,"Value"
"407","5fb4b543282b20203734ba72","Zebra",6,"Natural"
"408","5fb4b543282b20203734ba72","Chair",6,"Artifact"
"409","5fb4b543282b20203734ba72","Argument",7,"Value"
"410","5fb4b543282b20203734ba72","Raccoon",6,"Natural"
"411","5fb4b543282b20203734ba72","Razor",5,"Artifact"
"412","5fb4b543282b20203734ba72","Artist",2,"Value"
"413","5fb4b543282b20203734ba72","Tall",4,"Vague"
"414","5fb4b543282b20203734ba72","Harpoon",2,"Artifact"
"415","5fb4b543282b20203734ba72","Minister",3,"Value"
"416","5fb4b543282b20203734ba72","Gold",7,"Natural"
"417","5fb4b543282b20203734ba72","Gallon",7,"Definite"
"418","5fb4b543282b20203734ba72","Shovel",5,"Artifact"
"419","5ea93131b2e5310009e185e6","Water",7,"Natural"
"420","5ea93131b2e5310009e185e6","Spicy",3,"Vague"
"421","5ea93131b2e5310009e185e6","Heavy.Metal",3,"Value"
"422","5ea93131b2e5310009e185e6","Tiger",7,"Natural"
"423","5ea93131b2e5310009e185e6","Fork",7,"Artifact"
"424","5ea93131b2e5310009e185e6","Scientist",5,"Value"
"425","5ea93131b2e5310009e185e6","Helium",7,"Natural"
"426","5ea93131b2e5310009e185e6","Kettle",5,"Artifact"
"427","5ea93131b2e5310009e185e6","Square",7,"Definite"
"428","5ea93131b2e5310009e185e6","Mentor",7,"Value"
"429","5ea93131b2e5310009e185e6","Zebra",7,"Natural"
"430","5ea93131b2e5310009e185e6","Chair",7,"Artifact"
"431","5ea93131b2e5310009e185e6","Argument",5,"Value"
"432","5ea93131b2e5310009e185e6","Raccoon",7,"Natural"
"433","5ea93131b2e5310009e185e6","Razor",7,"Artifact"
"434","5ea93131b2e5310009e185e6","Artist",1,"Value"
"435","5ea93131b2e5310009e185e6","Tall",3,"Vague"
"436","5ea93131b2e5310009e185e6","Harpoon",7,"Artifact"
"437","5ea93131b2e5310009e185e6","Minister",5,"Value"
"438","5ea93131b2e5310009e185e6","Gold",7,"Natural"
"439","5ea93131b2e5310009e185e6","Gallon",7,"Definite"
"440","5ea93131b2e5310009e185e6","Shovel",7,"Artifact"
"441","5fc00cb9ca26eb418a61c8b5","Water",7,"Natural"
"442","5fc00cb9ca26eb418a61c8b5","Spicy",4,"Vague"
"443","5fc00cb9ca26eb418a61c8b5","Heavy.Metal",1,"Value"
"444","5fc00cb9ca26eb418a61c8b5","Tiger",7,"Natural"
"445","5fc00cb9ca26eb418a61c8b5","Fork",7,"Artifact"
"446","5fc00cb9ca26eb418a61c8b5","Scientist",1,"Value"
"447","5fc00cb9ca26eb418a61c8b5","Helium",7,"Natural"
"448","5fc00cb9ca26eb418a61c8b5","Kettle",7,"Artifact"
"449","5fc00cb9ca26eb418a61c8b5","Square",7,"Definite"
"450","5fc00cb9ca26eb418a61c8b5","Mentor",7,"Value"
"451","5fc00cb9ca26eb418a61c8b5","Zebra",7,"Natural"
"452","5fc00cb9ca26eb418a61c8b5","Chair",7,"Artifact"
"453","5fc00cb9ca26eb418a61c8b5","Argument",1,"Value"
"454","5fc00cb9ca26eb418a61c8b5","Raccoon",7,"Natural"
"455","5fc00cb9ca26eb418a61c8b5","Razor",7,"Artifact"
"456","5fc00cb9ca26eb418a61c8b5","Artist",1,"Value"
"457","5fc00cb9ca26eb418a61c8b5","Tall",1,"Vague"
"458","5fc00cb9ca26eb418a61c8b5","Harpoon",7,"Artifact"
"459","5fc00cb9ca26eb418a61c8b5","Minister",1,"Value"
"460","5fc00cb9ca26eb418a61c8b5","Gold",7,"Natural"
"461","5fc00cb9ca26eb418a61c8b5","Gallon",7,"Definite"
"462","5fc00cb9ca26eb418a61c8b5","Shovel",7,"Artifact"
"463","5fda984c24952f5255b657e3","Water",2,"Natural"
"464","5fda984c24952f5255b657e3","Spicy",6,"Vague"
"465","5fda984c24952f5255b657e3","Heavy.Metal",2,"Value"
"466","5fda984c24952f5255b657e3","Tiger",1,"Natural"
"467","5fda984c24952f5255b657e3","Fork",2,"Artifact"
"468","5fda984c24952f5255b657e3","Scientist",2,"Value"
"469","5fda984c24952f5255b657e3","Helium",6,"Natural"
"470","5fda984c24952f5255b657e3","Kettle",2,"Artifact"
"471","5fda984c24952f5255b657e3","Square",4,"Definite"
"472","5fda984c24952f5255b657e3","Mentor",2,"Value"
"473","5fda984c24952f5255b657e3","Zebra",5,"Natural"
"474","5fda984c24952f5255b657e3","Chair",5,"Artifact"
"475","5fda984c24952f5255b657e3","Argument",2,"Value"
"476","5fda984c24952f5255b657e3","Raccoon",4,"Natural"
"477","5fda984c24952f5255b657e3","Razor",3,"Artifact"
"478","5fda984c24952f5255b657e3","Artist",6,"Value"
"479","5fda984c24952f5255b657e3","Tall",2,"Vague"
"480","5fda984c24952f5255b657e3","Harpoon",5,"Artifact"
"481","5fda984c24952f5255b657e3","Minister",3,"Value"
"482","5fda984c24952f5255b657e3","Gold",6,"Natural"
"483","5fda984c24952f5255b657e3","Gallon",3,"Definite"
"484","5fda984c24952f5255b657e3","Shovel",4,"Artifact"
"485","5cd34d42fe890a00174debb5","Water",7,"Natural"
"486","5cd34d42fe890a00174debb5","Spicy",4,"Vague"
"487","5cd34d42fe890a00174debb5","Heavy.Metal",1,"Value"
"488","5cd34d42fe890a00174debb5","Tiger",7,"Natural"
"489","5cd34d42fe890a00174debb5","Fork",7,"Artifact"
"490","5cd34d42fe890a00174debb5","Scientist",6,"Value"
"491","5cd34d42fe890a00174debb5","Helium",7,"Natural"
"492","5cd34d42fe890a00174debb5","Kettle",7,"Artifact"
"493","5cd34d42fe890a00174debb5","Square",7,"Definite"
"494","5cd34d42fe890a00174debb5","Mentor",7,"Value"
"495","5cd34d42fe890a00174debb5","Zebra",7,"Natural"
"496","5cd34d42fe890a00174debb5","Chair",7,"Artifact"
"497","5cd34d42fe890a00174debb5","Argument",3,"Value"
"498","5cd34d42fe890a00174debb5","Raccoon",7,"Natural"
"499","5cd34d42fe890a00174debb5","Razor",7,"Artifact"
"500","5cd34d42fe890a00174debb5","Artist",1,"Value"
"501","5cd34d42fe890a00174debb5","Tall",1,"Vague"
"502","5cd34d42fe890a00174debb5","Harpoon",7,"Artifact"
"503","5cd34d42fe890a00174debb5","Minister",5,"Value"
"504","5cd34d42fe890a00174debb5","Gold",7,"Natural"
"505","5cd34d42fe890a00174debb5","Gallon",7,"Definite"
"506","5cd34d42fe890a00174debb5","Shovel",7,"Artifact"
"507","6150ea24533ea8f02c003739","Water",7,"Natural"
"508","6150ea24533ea8f02c003739","Spicy",2,"Vague"
"509","6150ea24533ea8f02c003739","Heavy.Metal",1,"Value"
"510","6150ea24533ea8f02c003739","Tiger",7,"Natural"
"511","6150ea24533ea8f02c003739","Fork",7,"Artifact"
"512","6150ea24533ea8f02c003739","Scientist",7,"Value"
"513","6150ea24533ea8f02c003739","Helium",7,"Natural"
"514","6150ea24533ea8f02c003739","Kettle",7,"Artifact"
"515","6150ea24533ea8f02c003739","Square",7,"Definite"
"516","6150ea24533ea8f02c003739","Mentor",7,"Value"
"517","6150ea24533ea8f02c003739","Zebra",7,"Natural"
"518","6150ea24533ea8f02c003739","Chair",7,"Artifact"
"519","6150ea24533ea8f02c003739","Argument",7,"Value"
"520","6150ea24533ea8f02c003739","Raccoon",7,"Natural"
"521","6150ea24533ea8f02c003739","Razor",7,"Artifact"
"522","6150ea24533ea8f02c003739","Artist",7,"Value"
"523","6150ea24533ea8f02c003739","Tall",1,"Vague"
"524","6150ea24533ea8f02c003739","Harpoon",7,"Artifact"
"525","6150ea24533ea8f02c003739","Minister",7,"Value"
"526","6150ea24533ea8f02c003739","Gold",7,"Natural"
"527","6150ea24533ea8f02c003739","Gallon",7,"Definite"
"528","6150ea24533ea8f02c003739","Shovel",7,"Artifact"
"529","5cfd2f7290cc5d001a9b5379","Water",7,"Natural"
"530","5cfd2f7290cc5d001a9b5379","Spicy",3,"Vague"
"531","5cfd2f7290cc5d001a9b5379","Heavy.Metal",7,"Value"
"532","5cfd2f7290cc5d001a9b5379","Tiger",7,"Natural"
"533","5cfd2f7290cc5d001a9b5379","Fork",7,"Artifact"
"534","5cfd2f7290cc5d001a9b5379","Scientist",5,"Value"
"535","5cfd2f7290cc5d001a9b5379","Helium",7,"Natural"
"536","5cfd2f7290cc5d001a9b5379","Kettle",7,"Artifact"
"537","5cfd2f7290cc5d001a9b5379","Square",7,"Definite"
"538","5cfd2f7290cc5d001a9b5379","Mentor",6,"Value"
"539","5cfd2f7290cc5d001a9b5379","Zebra",7,"Natural"
"540","5cfd2f7290cc5d001a9b5379","Chair",7,"Artifact"
"541","5cfd2f7290cc5d001a9b5379","Argument",7,"Value"
"542","5cfd2f7290cc5d001a9b5379","Raccoon",7,"Natural"
"543","5cfd2f7290cc5d001a9b5379","Razor",6,"Artifact"
"544","5cfd2f7290cc5d001a9b5379","Artist",5,"Value"
"545","5cfd2f7290cc5d001a9b5379","Tall",7,"Vague"
"546","5cfd2f7290cc5d001a9b5379","Harpoon",6,"Artifact"
"547","5cfd2f7290cc5d001a9b5379","Minister",4,"Value"
"548","5cfd2f7290cc5d001a9b5379","Gold",7,"Natural"
"549","5cfd2f7290cc5d001a9b5379","Gallon",7,"Definite"
"550","5cfd2f7290cc5d001a9b5379","Shovel",5,"Artifact"
"551","5ef1f7026343e20b931a0cb0","Water",6,"Natural"
"552","5ef1f7026343e20b931a0cb0","Spicy",3,"Vague"
"553","5ef1f7026343e20b931a0cb0","Heavy.Metal",3,"Value"
"554","5ef1f7026343e20b931a0cb0","Tiger",6,"Natural"
"555","5ef1f7026343e20b931a0cb0","Fork",7,"Artifact"
"556","5ef1f7026343e20b931a0cb0","Scientist",6,"Value"
"557","5ef1f7026343e20b931a0cb0","Helium",6,"Natural"
"558","5ef1f7026343e20b931a0cb0","Kettle",7,"Artifact"
"559","5ef1f7026343e20b931a0cb0","Square",7,"Definite"
"560","5ef1f7026343e20b931a0cb0","Mentor",7,"Value"
"561","5ef1f7026343e20b931a0cb0","Zebra",7,"Natural"
"562","5ef1f7026343e20b931a0cb0","Chair",7,"Artifact"
"563","5ef1f7026343e20b931a0cb0","Argument",7,"Value"
"564","5ef1f7026343e20b931a0cb0","Raccoon",7,"Natural"
"565","5ef1f7026343e20b931a0cb0","Razor",7,"Artifact"
"566","5ef1f7026343e20b931a0cb0","Artist",5,"Value"
"567","5ef1f7026343e20b931a0cb0","Tall",2,"Vague"
"568","5ef1f7026343e20b931a0cb0","Harpoon",5,"Artifact"
"569","5ef1f7026343e20b931a0cb0","Minister",3,"Value"
"570","5ef1f7026343e20b931a0cb0","Gold",7,"Natural"
"571","5ef1f7026343e20b931a0cb0","Gallon",7,"Definite"
"572","5ef1f7026343e20b931a0cb0","Shovel",5,"Artifact"
"573","5e68691662358c10f5adb901","Water",7,"Natural"
"574","5e68691662358c10f5adb901","Spicy",4,"Vague"
"575","5e68691662358c10f5adb901","Heavy.Metal",1,"Value"
"576","5e68691662358c10f5adb901","Tiger",7,"Natural"
"577","5e68691662358c10f5adb901","Fork",1,"Artifact"
"578","5e68691662358c10f5adb901","Scientist",1,"Value"
"579","5e68691662358c10f5adb901","Helium",7,"Natural"
"580","5e68691662358c10f5adb901","Kettle",1,"Artifact"
"581","5e68691662358c10f5adb901","Square",7,"Definite"
"582","5e68691662358c10f5adb901","Mentor",7,"Value"
"583","5e68691662358c10f5adb901","Zebra",7,"Natural"
"584","5e68691662358c10f5adb901","Chair",2,"Artifact"
"585","5e68691662358c10f5adb901","Argument",7,"Value"
"586","5e68691662358c10f5adb901","Raccoon",7,"Natural"
"587","5e68691662358c10f5adb901","Razor",4,"Artifact"
"588","5e68691662358c10f5adb901","Artist",3,"Value"
"589","5e68691662358c10f5adb901","Tall",4,"Vague"
"590","5e68691662358c10f5adb901","Harpoon",2,"Artifact"
"591","5e68691662358c10f5adb901","Minister",2,"Value"
"592","5e68691662358c10f5adb901","Gold",7,"Natural"
"593","5e68691662358c10f5adb901","Gallon",7,"Definite"
"594","5e68691662358c10f5adb901","Shovel",4,"Artifact"
"595","5f34c4870288603e56eccc60","Water",7,"Natural"
"596","5f34c4870288603e56eccc60","Spicy",2,"Vague"
"597","5f34c4870288603e56eccc60","Heavy.Metal",3,"Value"
"598","5f34c4870288603e56eccc60","Tiger",6,"Natural"
"599","5f34c4870288603e56eccc60","Fork",7,"Artifact"
"600","5f34c4870288603e56eccc60","Scientist",6,"Value"
"601","5f34c4870288603e56eccc60","Helium",7,"Natural"
"602","5f34c4870288603e56eccc60","Kettle",7,"Artifact"
"603","5f34c4870288603e56eccc60","Square",7,"Definite"
"604","5f34c4870288603e56eccc60","Mentor",7,"Value"
"605","5f34c4870288603e56eccc60","Zebra",6,"Natural"
"606","5f34c4870288603e56eccc60","Chair",7,"Artifact"
"607","5f34c4870288603e56eccc60","Argument",7,"Value"
"608","5f34c4870288603e56eccc60","Raccoon",6,"Natural"
"609","5f34c4870288603e56eccc60","Razor",7,"Artifact"
"610","5f34c4870288603e56eccc60","Artist",1,"Value"
"611","5f34c4870288603e56eccc60","Tall",2,"Vague"
"612","5f34c4870288603e56eccc60","Harpoon",7,"Artifact"
"613","5f34c4870288603e56eccc60","Minister",6,"Value"
"614","5f34c4870288603e56eccc60","Gold",7,"Natural"
"615","5f34c4870288603e56eccc60","Gallon",7,"Definite"
"616","5f34c4870288603e56eccc60","Shovel",7,"Artifact"
"617","62df57db36c1085c48f8d86c","Water",7,"Natural"
"618","62df57db36c1085c48f8d86c","Spicy",4,"Vague"
"619","62df57db36c1085c48f8d86c","Heavy.Metal",2,"Value"
"620","62df57db36c1085c48f8d86c","Tiger",7,"Natural"
"621","62df57db36c1085c48f8d86c","Fork",6,"Artifact"
"622","62df57db36c1085c48f8d86c","Scientist",6,"Value"
"623","62df57db36c1085c48f8d86c","Helium",6,"Natural"
"624","62df57db36c1085c48f8d86c","Kettle",7,"Artifact"
"625","62df57db36c1085c48f8d86c","Square",6,"Definite"
"626","62df57db36c1085c48f8d86c","Mentor",6,"Value"
"627","62df57db36c1085c48f8d86c","Zebra",3,"Natural"
"628","62df57db36c1085c48f8d86c","Chair",6,"Artifact"
"629","62df57db36c1085c48f8d86c","Argument",5,"Value"
"630","62df57db36c1085c48f8d86c","Raccoon",3,"Natural"
"631","62df57db36c1085c48f8d86c","Razor",6,"Artifact"
"632","62df57db36c1085c48f8d86c","Artist",2,"Value"
"633","62df57db36c1085c48f8d86c","Tall",4,"Vague"
"634","62df57db36c1085c48f8d86c","Harpoon",5,"Artifact"
"635","62df57db36c1085c48f8d86c","Minister",4,"Value"
"636","62df57db36c1085c48f8d86c","Gold",5,"Natural"
"637","62df57db36c1085c48f8d86c","Gallon",1,"Definite"
"638","62df57db36c1085c48f8d86c","Shovel",5,"Artifact"
"639","62e18e19076f2303d7e59e7e","Water",7,"Natural"
"640","62e18e19076f2303d7e59e7e","Spicy",3,"Vague"
"641","62e18e19076f2303d7e59e7e","Heavy.Metal",1,"Value"
"642","62e18e19076f2303d7e59e7e","Tiger",7,"Natural"
"643","62e18e19076f2303d7e59e7e","Fork",5,"Artifact"
"644","62e18e19076f2303d7e59e7e","Scientist",4,"Value"
"645","62e18e19076f2303d7e59e7e","Helium",6,"Natural"
"646","62e18e19076f2303d7e59e7e","Kettle",6,"Artifact"
"647","62e18e19076f2303d7e59e7e","Square",7,"Definite"
"648","62e18e19076f2303d7e59e7e","Mentor",4,"Value"
"649","62e18e19076f2303d7e59e7e","Zebra",7,"Natural"
"650","62e18e19076f2303d7e59e7e","Chair",7,"Artifact"
"651","62e18e19076f2303d7e59e7e","Argument",6,"Value"
"652","62e18e19076f2303d7e59e7e","Raccoon",7,"Natural"
"653","62e18e19076f2303d7e59e7e","Razor",7,"Artifact"
"654","62e18e19076f2303d7e59e7e","Artist",4,"Value"
"655","62e18e19076f2303d7e59e7e","Tall",4,"Vague"
"656","62e18e19076f2303d7e59e7e","Harpoon",6,"Artifact"
"657","62e18e19076f2303d7e59e7e","Minister",5,"Value"
"658","62e18e19076f2303d7e59e7e","Gold",6,"Natural"
"659","62e18e19076f2303d7e59e7e","Gallon",7,"Definite"
"660","62e18e19076f2303d7e59e7e","Shovel",6,"Artifact"
"661","60fdb15d7a90d6401a469a11","Water",7,"Natural"
"662","60fdb15d7a90d6401a469a11","Spicy",4,"Vague"
"663","60fdb15d7a90d6401a469a11","Heavy.Metal",2,"Value"
"664","60fdb15d7a90d6401a469a11","Tiger",6,"Natural"
"665","60fdb15d7a90d6401a469a11","Fork",3,"Artifact"
"666","60fdb15d7a90d6401a469a11","Scientist",5,"Value"
"667","60fdb15d7a90d6401a469a11","Helium",6,"Natural"
"668","60fdb15d7a90d6401a469a11","Kettle",5,"Artifact"
"669","60fdb15d7a90d6401a469a11","Square",6,"Definite"
"670","60fdb15d7a90d6401a469a11","Mentor",4,"Value"
"671","60fdb15d7a90d6401a469a11","Zebra",6,"Natural"
"672","60fdb15d7a90d6401a469a11","Chair",6,"Artifact"
"673","60fdb15d7a90d6401a469a11","Argument",7,"Value"
"674","60fdb15d7a90d6401a469a11","Raccoon",6,"Natural"
"675","60fdb15d7a90d6401a469a11","Razor",5,"Artifact"
"676","60fdb15d7a90d6401a469a11","Artist",2,"Value"
"677","60fdb15d7a90d6401a469a11","Tall",2,"Vague"
"678","60fdb15d7a90d6401a469a11","Harpoon",6,"Artifact"
"679","60fdb15d7a90d6401a469a11","Minister",5,"Value"
"680","60fdb15d7a90d6401a469a11","Gold",6,"Natural"
"681","60fdb15d7a90d6401a469a11","Gallon",7,"Definite"
"682","60fdb15d7a90d6401a469a11","Shovel",6,"Artifact"
"683","5fa9bafed4c7d12250deda41","Water",7,"Natural"
"684","5fa9bafed4c7d12250deda41","Spicy",3,"Vague"
"685","5fa9bafed4c7d12250deda41","Heavy.Metal",2,"Value"
"686","5fa9bafed4c7d12250deda41","Tiger",4,"Natural"
"687","5fa9bafed4c7d12250deda41","Fork",5,"Artifact"
"688","5fa9bafed4c7d12250deda41","Scientist",3,"Value"
"689","5fa9bafed4c7d12250deda41","Helium",7,"Natural"
"690","5fa9bafed4c7d12250deda41","Kettle",6,"Artifact"
"691","5fa9bafed4c7d12250deda41","Square",7,"Definite"
"692","5fa9bafed4c7d12250deda41","Mentor",7,"Value"
"693","5fa9bafed4c7d12250deda41","Zebra",7,"Natural"
"694","5fa9bafed4c7d12250deda41","Chair",7,"Artifact"
"695","5fa9bafed4c7d12250deda41","Argument",7,"Value"
"696","5fa9bafed4c7d12250deda41","Raccoon",7,"Natural"
"697","5fa9bafed4c7d12250deda41","Razor",7,"Artifact"
"698","5fa9bafed4c7d12250deda41","Artist",3,"Value"
"699","5fa9bafed4c7d12250deda41","Tall",3,"Vague"
"700","5fa9bafed4c7d12250deda41","Harpoon",7,"Artifact"
"701","5fa9bafed4c7d12250deda41","Minister",7,"Value"
"702","5fa9bafed4c7d12250deda41","Gold",7,"Natural"
"703","5fa9bafed4c7d12250deda41","Gallon",7,"Definite"
"704","5fa9bafed4c7d12250deda41","Shovel",7,"Artifact"
"705","5c319c5f10677f0001ddced8","Water",4,"Natural"
"706","5c319c5f10677f0001ddced8","Spicy",2,"Vague"
"707","5c319c5f10677f0001ddced8","Heavy.Metal",2,"Value"
"708","5c319c5f10677f0001ddced8","Tiger",6,"Natural"
"709","5c319c5f10677f0001ddced8","Fork",4,"Artifact"
"710","5c319c5f10677f0001ddced8","Scientist",7,"Value"
"711","5c319c5f10677f0001ddced8","Helium",6,"Natural"
"712","5c319c5f10677f0001ddced8","Kettle",5,"Artifact"
"713","5c319c5f10677f0001ddced8","Square",7,"Definite"
"714","5c319c5f10677f0001ddced8","Mentor",4,"Value"
"715","5c319c5f10677f0001ddced8","Zebra",7,"Natural"
"716","5c319c5f10677f0001ddced8","Chair",5,"Artifact"
"717","5c319c5f10677f0001ddced8","Argument",7,"Value"
"718","5c319c5f10677f0001ddced8","Raccoon",6,"Natural"
"719","5c319c5f10677f0001ddced8","Razor",5,"Artifact"
"720","5c319c5f10677f0001ddced8","Artist",4,"Value"
"721","5c319c5f10677f0001ddced8","Tall",3,"Vague"
"722","5c319c5f10677f0001ddced8","Harpoon",6,"Artifact"
"723","5c319c5f10677f0001ddced8","Minister",6,"Value"
"724","5c319c5f10677f0001ddced8","Gold",6,"Natural"
"725","5c319c5f10677f0001ddced8","Gallon",7,"Definite"
"726","5c319c5f10677f0001ddced8","Shovel",5,"Artifact"
"727","62eda5558d22fb31eba6a451","Water",7,"Natural"
"728","62eda5558d22fb31eba6a451","Spicy",5,"Vague"
"729","62eda5558d22fb31eba6a451","Heavy.Metal",3,"Value"
"730","62eda5558d22fb31eba6a451","Tiger",5,"Natural"
"731","62eda5558d22fb31eba6a451","Fork",5,"Artifact"
"732","62eda5558d22fb31eba6a451","Scientist",5,"Value"
"733","62eda5558d22fb31eba6a451","Helium",5,"Natural"
"734","62eda5558d22fb31eba6a451","Kettle",5,"Artifact"
"735","62eda5558d22fb31eba6a451","Square",6,"Definite"
"736","62eda5558d22fb31eba6a451","Mentor",6,"Value"
"737","62eda5558d22fb31eba6a451","Zebra",5,"Natural"
"738","62eda5558d22fb31eba6a451","Chair",5,"Artifact"
"739","62eda5558d22fb31eba6a451","Argument",4,"Value"
"740","62eda5558d22fb31eba6a451","Raccoon",5,"Natural"
"741","62eda5558d22fb31eba6a451","Razor",5,"Artifact"
"742","62eda5558d22fb31eba6a451","Artist",4,"Value"
"743","62eda5558d22fb31eba6a451","Tall",3,"Vague"
"744","62eda5558d22fb31eba6a451","Harpoon",5,"Artifact"
"745","62eda5558d22fb31eba6a451","Minister",5,"Value"
"746","62eda5558d22fb31eba6a451","Gold",5,"Natural"
"747","62eda5558d22fb31eba6a451","Gallon",5,"Definite"
"748","62eda5558d22fb31eba6a451","Shovel",5,"Artifact"
"749","5fcfffe8dd617f02c493bc87","Water",7,"Natural"
"750","5fcfffe8dd617f02c493bc87","Spicy",2,"Vague"
"751","5fcfffe8dd617f02c493bc87","Heavy.Metal",1,"Value"
"752","5fcfffe8dd617f02c493bc87","Tiger",4,"Natural"
"753","5fcfffe8dd617f02c493bc87","Fork",5,"Artifact"
"754","5fcfffe8dd617f02c493bc87","Scientist",1,"Value"
"755","5fcfffe8dd617f02c493bc87","Helium",7,"Natural"
"756","5fcfffe8dd617f02c493bc87","Kettle",7,"Artifact"
"757","5fcfffe8dd617f02c493bc87","Square",7,"Definite"
"758","5fcfffe8dd617f02c493bc87","Mentor",4,"Value"
"759","5fcfffe8dd617f02c493bc87","Zebra",6,"Natural"
"760","5fcfffe8dd617f02c493bc87","Chair",7,"Artifact"
"761","5fcfffe8dd617f02c493bc87","Argument",7,"Value"
"762","5fcfffe8dd617f02c493bc87","Raccoon",6,"Natural"
"763","5fcfffe8dd617f02c493bc87","Razor",7,"Artifact"
"764","5fcfffe8dd617f02c493bc87","Artist",5,"Value"
"765","5fcfffe8dd617f02c493bc87","Tall",5,"Vague"
"766","5fcfffe8dd617f02c493bc87","Harpoon",7,"Artifact"
"767","5fcfffe8dd617f02c493bc87","Minister",4,"Value"
"768","5fcfffe8dd617f02c493bc87","Gold",7,"Natural"
"769","5fcfffe8dd617f02c493bc87","Gallon",7,"Definite"
"770","5fcfffe8dd617f02c493bc87","Shovel",7,"Artifact"
"771","5dbe36c2df0b4834bec53073","Water",7,"Natural"
"772","5dbe36c2df0b4834bec53073","Spicy",4,"Vague"
"773","5dbe36c2df0b4834bec53073","Heavy.Metal",4,"Value"
"774","5dbe36c2df0b4834bec53073","Tiger",5,"Natural"
"775","5dbe36c2df0b4834bec53073","Fork",5,"Artifact"
"776","5dbe36c2df0b4834bec53073","Scientist",2,"Value"
"777","5dbe36c2df0b4834bec53073","Helium",5,"Natural"
"778","5dbe36c2df0b4834bec53073","Kettle",3,"Artifact"
"779","5dbe36c2df0b4834bec53073","Square",7,"Definite"
"780","5dbe36c2df0b4834bec53073","Mentor",6,"Value"
"781","5dbe36c2df0b4834bec53073","Zebra",6,"Natural"
"782","5dbe36c2df0b4834bec53073","Chair",7,"Artifact"
"783","5dbe36c2df0b4834bec53073","Argument",6,"Value"
"784","5dbe36c2df0b4834bec53073","Raccoon",6,"Natural"
"785","5dbe36c2df0b4834bec53073","Razor",6,"Artifact"
"786","5dbe36c2df0b4834bec53073","Artist",2,"Value"
"787","5dbe36c2df0b4834bec53073","Tall",4,"Vague"
"788","5dbe36c2df0b4834bec53073","Harpoon",2,"Artifact"
"789","5dbe36c2df0b4834bec53073","Minister",6,"Value"
"790","5dbe36c2df0b4834bec53073","Gold",6,"Natural"
"791","5dbe36c2df0b4834bec53073","Gallon",7,"Definite"
"792","5dbe36c2df0b4834bec53073","Shovel",6,"Artifact"
"793","60867f15c6327e78242c627c","Water",7,"Natural"
"794","60867f15c6327e78242c627c","Spicy",4,"Vague"
"795","60867f15c6327e78242c627c","Heavy.Metal",3,"Value"
"796","60867f15c6327e78242c627c","Tiger",3,"Natural"
"797","60867f15c6327e78242c627c","Fork",6,"Artifact"
"798","60867f15c6327e78242c627c","Scientist",6,"Value"
"799","60867f15c6327e78242c627c","Helium",7,"Natural"
"800","60867f15c6327e78242c627c","Kettle",7,"Artifact"
"801","60867f15c6327e78242c627c","Square",7,"Definite"
"802","60867f15c6327e78242c627c","Mentor",6,"Value"
"803","60867f15c6327e78242c627c","Zebra",4,"Natural"
"804","60867f15c6327e78242c627c","Chair",7,"Artifact"
"805","60867f15c6327e78242c627c","Argument",7,"Value"
"806","60867f15c6327e78242c627c","Raccoon",4,"Natural"
"807","60867f15c6327e78242c627c","Razor",7,"Artifact"
"808","60867f15c6327e78242c627c","Artist",2,"Value"
"809","60867f15c6327e78242c627c","Tall",5,"Vague"
"810","60867f15c6327e78242c627c","Harpoon",5,"Artifact"
"811","60867f15c6327e78242c627c","Minister",4,"Value"
"812","60867f15c6327e78242c627c","Gold",7,"Natural"
"813","60867f15c6327e78242c627c","Gallon",7,"Definite"
"814","60867f15c6327e78242c627c","Shovel",7,"Artifact"
"815","60abbd5296067bf85a8150b7","Water",7,"Natural"
"816","60abbd5296067bf85a8150b7","Spicy",3,"Vague"
"817","60abbd5296067bf85a8150b7","Heavy.Metal",3,"Value"
"818","60abbd5296067bf85a8150b7","Tiger",5,"Natural"
"819","60abbd5296067bf85a8150b7","Fork",7,"Artifact"
"820","60abbd5296067bf85a8150b7","Scientist",7,"Value"
"821","60abbd5296067bf85a8150b7","Helium",2,"Natural"
"822","60abbd5296067bf85a8150b7","Kettle",7,"Artifact"
"823","60abbd5296067bf85a8150b7","Square",7,"Definite"
"824","60abbd5296067bf85a8150b7","Mentor",6,"Value"
"825","60abbd5296067bf85a8150b7","Zebra",6,"Natural"
"826","60abbd5296067bf85a8150b7","Chair",7,"Artifact"
"827","60abbd5296067bf85a8150b7","Argument",7,"Value"
"828","60abbd5296067bf85a8150b7","Raccoon",6,"Natural"
"829","60abbd5296067bf85a8150b7","Razor",7,"Artifact"
"830","60abbd5296067bf85a8150b7","Artist",7,"Value"
"831","60abbd5296067bf85a8150b7","Tall",3,"Vague"
"832","60abbd5296067bf85a8150b7","Harpoon",7,"Artifact"
"833","60abbd5296067bf85a8150b7","Minister",6,"Value"
"834","60abbd5296067bf85a8150b7","Gold",6,"Natural"
"835","60abbd5296067bf85a8150b7","Gallon",7,"Definite"
"836","60abbd5296067bf85a8150b7","Shovel",7,"Artifact"
"837","611e793fa82561ceb4c5e8e2","Water",7,"Natural"
"838","611e793fa82561ceb4c5e8e2","Spicy",4,"Vague"
"839","611e793fa82561ceb4c5e8e2","Heavy.Metal",5,"Value"
"840","611e793fa82561ceb4c5e8e2","Tiger",3,"Natural"
"841","611e793fa82561ceb4c5e8e2","Fork",3,"Artifact"
"842","611e793fa82561ceb4c5e8e2","Scientist",6,"Value"
"843","611e793fa82561ceb4c5e8e2","Helium",7,"Natural"
"844","611e793fa82561ceb4c5e8e2","Kettle",6,"Artifact"
"845","611e793fa82561ceb4c5e8e2","Square",5,"Definite"
"846","611e793fa82561ceb4c5e8e2","Mentor",7,"Value"
"847","611e793fa82561ceb4c5e8e2","Zebra",5,"Natural"
"848","611e793fa82561ceb4c5e8e2","Chair",4,"Artifact"
"849","611e793fa82561ceb4c5e8e2","Argument",6,"Value"
"850","611e793fa82561ceb4c5e8e2","Raccoon",2,"Natural"
"851","611e793fa82561ceb4c5e8e2","Razor",4,"Artifact"
"852","611e793fa82561ceb4c5e8e2","Artist",2,"Value"
"853","611e793fa82561ceb4c5e8e2","Tall",2,"Vague"
"854","611e793fa82561ceb4c5e8e2","Harpoon",3,"Artifact"
"855","611e793fa82561ceb4c5e8e2","Minister",4,"Value"
"856","611e793fa82561ceb4c5e8e2","Gold",6,"Natural"
"857","611e793fa82561ceb4c5e8e2","Gallon",4,"Definite"
"858","611e793fa82561ceb4c5e8e2","Shovel",5,"Artifact"
"859","5bfb200269fe300001e88ffe","Water",7,"Natural"
"860","5bfb200269fe300001e88ffe","Spicy",2,"Vague"
"861","5bfb200269fe300001e88ffe","Heavy.Metal",2,"Value"
"862","5bfb200269fe300001e88ffe","Tiger",7,"Natural"
"863","5bfb200269fe300001e88ffe","Fork",5,"Artifact"
"864","5bfb200269fe300001e88ffe","Scientist",5,"Value"
"865","5bfb200269fe300001e88ffe","Helium",7,"Natural"
"866","5bfb200269fe300001e88ffe","Kettle",6,"Artifact"
"867","5bfb200269fe300001e88ffe","Square",1,"Definite"
"868","5bfb200269fe300001e88ffe","Mentor",7,"Value"
"869","5bfb200269fe300001e88ffe","Zebra",7,"Natural"
"870","5bfb200269fe300001e88ffe","Chair",6,"Artifact"
"871","5bfb200269fe300001e88ffe","Argument",7,"Value"
"872","5bfb200269fe300001e88ffe","Raccoon",7,"Natural"
"873","5bfb200269fe300001e88ffe","Razor",7,"Artifact"
"874","5bfb200269fe300001e88ffe","Artist",3,"Value"
"875","5bfb200269fe300001e88ffe","Tall",3,"Vague"
"876","5bfb200269fe300001e88ffe","Harpoon",6,"Artifact"
"877","5bfb200269fe300001e88ffe","Minister",6,"Value"
"878","5bfb200269fe300001e88ffe","Gold",6,"Natural"
"879","5bfb200269fe300001e88ffe","Gallon",7,"Definite"
"880","5bfb200269fe300001e88ffe","Shovel",7,"Artifact"
"881","620bdea4a922fc3f247f6f15","Water",7,"Natural"
"882","620bdea4a922fc3f247f6f15","Spicy",2,"Vague"
"883","620bdea4a922fc3f247f6f15","Heavy.Metal",1,"Value"
"884","620bdea4a922fc3f247f6f15","Tiger",6,"Natural"
"885","620bdea4a922fc3f247f6f15","Fork",7,"Artifact"
"886","620bdea4a922fc3f247f6f15","Scientist",5,"Value"
"887","620bdea4a922fc3f247f6f15","Helium",7,"Natural"
"888","620bdea4a922fc3f247f6f15","Kettle",7,"Artifact"
"889","620bdea4a922fc3f247f6f15","Square",7,"Definite"
"890","620bdea4a922fc3f247f6f15","Mentor",6,"Value"
"891","620bdea4a922fc3f247f6f15","Zebra",6,"Natural"
"892","620bdea4a922fc3f247f6f15","Chair",7,"Artifact"
"893","620bdea4a922fc3f247f6f15","Argument",1,"Value"
"894","620bdea4a922fc3f247f6f15","Raccoon",6,"Natural"
"895","620bdea4a922fc3f247f6f15","Razor",7,"Artifact"
"896","620bdea4a922fc3f247f6f15","Artist",4,"Value"
"897","620bdea4a922fc3f247f6f15","Tall",3,"Vague"
"898","620bdea4a922fc3f247f6f15","Harpoon",6,"Artifact"
"899","620bdea4a922fc3f247f6f15","Minister",6,"Value"
"900","620bdea4a922fc3f247f6f15","Gold",7,"Natural"
"901","620bdea4a922fc3f247f6f15","Gallon",7,"Definite"
"902","620bdea4a922fc3f247f6f15","Shovel",7,"Artifact"
"903","62e1abcbf49f10c24ffd0fbd","Water",7,"Natural"
"904","62e1abcbf49f10c24ffd0fbd","Spicy",4,"Vague"
"905","62e1abcbf49f10c24ffd0fbd","Heavy.Metal",1,"Value"
"906","62e1abcbf49f10c24ffd0fbd","Tiger",7,"Natural"
"907","62e1abcbf49f10c24ffd0fbd","Fork",1,"Artifact"
"908","62e1abcbf49f10c24ffd0fbd","Scientist",1,"Value"
"909","62e1abcbf49f10c24ffd0fbd","Helium",7,"Natural"
"910","62e1abcbf49f10c24ffd0fbd","Kettle",7,"Artifact"
"911","62e1abcbf49f10c24ffd0fbd","Square",7,"Definite"
"912","62e1abcbf49f10c24ffd0fbd","Mentor",7,"Value"
"913","62e1abcbf49f10c24ffd0fbd","Zebra",7,"Natural"
"914","62e1abcbf49f10c24ffd0fbd","Chair",7,"Artifact"
"915","62e1abcbf49f10c24ffd0fbd","Argument",7,"Value"
"916","62e1abcbf49f10c24ffd0fbd","Raccoon",6,"Natural"
"917","62e1abcbf49f10c24ffd0fbd","Razor",7,"Artifact"
"918","62e1abcbf49f10c24ffd0fbd","Artist",1,"Value"
"919","62e1abcbf49f10c24ffd0fbd","Tall",2,"Vague"
"920","62e1abcbf49f10c24ffd0fbd","Harpoon",4,"Artifact"
"921","62e1abcbf49f10c24ffd0fbd","Minister",6,"Value"
"922","62e1abcbf49f10c24ffd0fbd","Gold",7,"Natural"
"923","62e1abcbf49f10c24ffd0fbd","Gallon",7,"Definite"
"924","62e1abcbf49f10c24ffd0fbd","Shovel",4,"Artifact"
"925","5fe3613dafc8a57da1a66760","Water",7,"Natural"
"926","5fe3613dafc8a57da1a66760","Spicy",4,"Vague"
"927","5fe3613dafc8a57da1a66760","Heavy.Metal",2,"Value"
"928","5fe3613dafc8a57da1a66760","Tiger",6,"Natural"
"929","5fe3613dafc8a57da1a66760","Fork",6,"Artifact"
"930","5fe3613dafc8a57da1a66760","Scientist",7,"Value"
"931","5fe3613dafc8a57da1a66760","Helium",7,"Natural"
"932","5fe3613dafc8a57da1a66760","Kettle",7,"Artifact"
"933","5fe3613dafc8a57da1a66760","Square",7,"Definite"
"934","5fe3613dafc8a57da1a66760","Mentor",3,"Value"
"935","5fe3613dafc8a57da1a66760","Zebra",6,"Natural"
"936","5fe3613dafc8a57da1a66760","Chair",7,"Artifact"
"937","5fe3613dafc8a57da1a66760","Argument",7,"Value"
"938","5fe3613dafc8a57da1a66760","Raccoon",2,"Natural"
"939","5fe3613dafc8a57da1a66760","Razor",4,"Artifact"
"940","5fe3613dafc8a57da1a66760","Artist",1,"Value"
"941","5fe3613dafc8a57da1a66760","Tall",3,"Vague"
"942","5fe3613dafc8a57da1a66760","Harpoon",5,"Artifact"
"943","5fe3613dafc8a57da1a66760","Minister",6,"Value"
"944","5fe3613dafc8a57da1a66760","Gold",7,"Natural"
"945","5fe3613dafc8a57da1a66760","Gallon",4,"Definite"
"946","5fe3613dafc8a57da1a66760","Shovel",6,"Artifact"
"947","60c58250ee1f8bbfd27e5c98","Water",7,"Natural"
"948","60c58250ee1f8bbfd27e5c98","Spicy",1,"Vague"
"949","60c58250ee1f8bbfd27e5c98","Heavy.Metal",7,"Value"
"950","60c58250ee1f8bbfd27e5c98","Tiger",6,"Natural"
"951","60c58250ee1f8bbfd27e5c98","Fork",7,"Artifact"
"952","60c58250ee1f8bbfd27e5c98","Scientist",1,"Value"
"953","60c58250ee1f8bbfd27e5c98","Helium",7,"Natural"
"954","60c58250ee1f8bbfd27e5c98","Kettle",5,"Artifact"
"955","60c58250ee1f8bbfd27e5c98","Square",7,"Definite"
"956","60c58250ee1f8bbfd27e5c98","Mentor",6,"Value"
"957","60c58250ee1f8bbfd27e5c98","Zebra",6,"Natural"
"958","60c58250ee1f8bbfd27e5c98","Chair",6,"Artifact"
"959","60c58250ee1f8bbfd27e5c98","Argument",3,"Value"
"960","60c58250ee1f8bbfd27e5c98","Raccoon",7,"Natural"
"961","60c58250ee1f8bbfd27e5c98","Razor",5,"Artifact"
"962","60c58250ee1f8bbfd27e5c98","Artist",1,"Value"
"963","60c58250ee1f8bbfd27e5c98","Tall",6,"Vague"
"964","60c58250ee1f8bbfd27e5c98","Harpoon",6,"Artifact"
"965","60c58250ee1f8bbfd27e5c98","Minister",2,"Value"
"966","60c58250ee1f8bbfd27e5c98","Gold",7,"Natural"
"967","60c58250ee1f8bbfd27e5c98","Gallon",7,"Definite"
"968","60c58250ee1f8bbfd27e5c98","Shovel",6,"Artifact"
"969","60b93a0e8689bad10fd7b17a","Water",7,"Natural"
"970","60b93a0e8689bad10fd7b17a","Spicy",1,"Vague"
"971","60b93a0e8689bad10fd7b17a","Heavy.Metal",1,"Value"
"972","60b93a0e8689bad10fd7b17a","Tiger",7,"Natural"
"973","60b93a0e8689bad10fd7b17a","Fork",7,"Artifact"
"974","60b93a0e8689bad10fd7b17a","Scientist",7,"Value"
"975","60b93a0e8689bad10fd7b17a","Helium",7,"Natural"
"976","60b93a0e8689bad10fd7b17a","Kettle",7,"Artifact"
"977","60b93a0e8689bad10fd7b17a","Square",1,"Definite"
"978","60b93a0e8689bad10fd7b17a","Mentor",7,"Value"
"979","60b93a0e8689bad10fd7b17a","Zebra",7,"Natural"
"980","60b93a0e8689bad10fd7b17a","Chair",7,"Artifact"
"981","60b93a0e8689bad10fd7b17a","Argument",1,"Value"
"982","60b93a0e8689bad10fd7b17a","Raccoon",7,"Natural"
"983","60b93a0e8689bad10fd7b17a","Razor",7,"Artifact"
"984","60b93a0e8689bad10fd7b17a","Artist",1,"Value"
"985","60b93a0e8689bad10fd7b17a","Tall",4,"Vague"
"986","60b93a0e8689bad10fd7b17a","Harpoon",7,"Artifact"
"987","60b93a0e8689bad10fd7b17a","Minister",1,"Value"
"988","60b93a0e8689bad10fd7b17a","Gold",4,"Natural"
"989","60b93a0e8689bad10fd7b17a","Gallon",1,"Definite"
"990","60b93a0e8689bad10fd7b17a","Shovel",7,"Artifact"
"991","5f2de4218462fd12f8aee07e","Water",7,"Natural"
"992","5f2de4218462fd12f8aee07e","Spicy",3,"Vague"
"993","5f2de4218462fd12f8aee07e","Heavy.Metal",2,"Value"
"994","5f2de4218462fd12f8aee07e","Tiger",6,"Natural"
"995","5f2de4218462fd12f8aee07e","Fork",5,"Artifact"
"996","5f2de4218462fd12f8aee07e","Scientist",5,"Value"
"997","5f2de4218462fd12f8aee07e","Helium",5,"Natural"
"998","5f2de4218462fd12f8aee07e","Kettle",7,"Artifact"
"999","5f2de4218462fd12f8aee07e","Square",5,"Definite"
"1000","5f2de4218462fd12f8aee07e","Mentor",5,"Value"
"1001","5f2de4218462fd12f8aee07e","Zebra",6,"Natural"
"1002","5f2de4218462fd12f8aee07e","Chair",5,"Artifact"
"1003","5f2de4218462fd12f8aee07e","Argument",6,"Value"
"1004","5f2de4218462fd12f8aee07e","Raccoon",6,"Natural"
"1005","5f2de4218462fd12f8aee07e","Razor",6,"Artifact"
"1006","5f2de4218462fd12f8aee07e","Artist",6,"Value"
"1007","5f2de4218462fd12f8aee07e","Tall",5,"Vague"
"1008","5f2de4218462fd12f8aee07e","Harpoon",5,"Artifact"
"1009","5f2de4218462fd12f8aee07e","Minister",6,"Value"
"1010","5f2de4218462fd12f8aee07e","Gold",5,"Natural"
"1011","5f2de4218462fd12f8aee07e","Gallon",6,"Definite"
"1012","5f2de4218462fd12f8aee07e","Shovel",5,"Artifact"
"1013","5da74e9437d4210016492810","Water",7,"Natural"
"1014","5da74e9437d4210016492810","Spicy",4,"Vague"
"1015","5da74e9437d4210016492810","Heavy.Metal",1,"Value"
"1016","5da74e9437d4210016492810","Tiger",1,"Natural"
"1017","5da74e9437d4210016492810","Fork",2,"Artifact"
"1018","5da74e9437d4210016492810","Scientist",4,"Value"
"1019","5da74e9437d4210016492810","Helium",7,"Natural"
"1020","5da74e9437d4210016492810","Kettle",1,"Artifact"
"1021","5da74e9437d4210016492810","Square",7,"Definite"
"1022","5da74e9437d4210016492810","Mentor",2,"Value"
"1023","5da74e9437d4210016492810","Zebra",2,"Natural"
"1024","5da74e9437d4210016492810","Chair",2,"Artifact"
"1025","5da74e9437d4210016492810","Argument",5,"Value"
"1026","5da74e9437d4210016492810","Raccoon",3,"Natural"
"1027","5da74e9437d4210016492810","Razor",4,"Artifact"
"1028","5da74e9437d4210016492810","Artist",2,"Value"
"1029","5da74e9437d4210016492810","Tall",3,"Vague"
"1030","5da74e9437d4210016492810","Harpoon",1,"Artifact"
"1031","5da74e9437d4210016492810","Minister",1,"Value"
"1032","5da74e9437d4210016492810","Gold",6,"Natural"
"1033","5da74e9437d4210016492810","Gallon",7,"Definite"
"1034","5da74e9437d4210016492810","Shovel",1,"Artifact"
