"","Participant","Item","Selection","CategoryType"
"1","60ff265ad0d04a091f893b0b","Water","Both","Natural"
"2","60ff265ad0d04a091f893b0b","Heavy.Metal","Both","Value"
"3","60ff265ad0d04a091f893b0b","Tiger","Both","Natural"
"4","60ff265ad0d04a091f893b0b","Fork","Both","Artifact"
"5","60ff265ad0d04a091f893b0b","Scientist","Both","Value"
"6","60ff265ad0d04a091f893b0b","Helium","Both","Natural"
"7","60ff265ad0d04a091f893b0b","Kettle","Both","Artifact"
"8","60ff265ad0d04a091f893b0b","Mentor","Both","Value"
"9","60ff265ad0d04a091f893b0b","Zebra","Both","Natural"
"10","60ff265ad0d04a091f893b0b","Chair","Both","Artifact"
"11","60ff265ad0d04a091f893b0b","Argument","Is not","Value"
"12","60ff265ad0d04a091f893b0b","Raccoon","Is not","Natural"
"13","60ff265ad0d04a091f893b0b","Razor","Is not","Artifact"
"14","60ff265ad0d04a091f893b0b","Artist","Is","Value"
"15","60ff265ad0d04a091f893b0b","Harpoon","Is not","Artifact"
"16","60ff265ad0d04a091f893b0b","Minister","Is","Value"
"17","60ff265ad0d04a091f893b0b","Gold","Is not","Natural"
"18","60ff265ad0d04a091f893b0b","Shovel","Is not","Artifact"
"19","6229dcc610fc8c78c0854951","Water","Both","Natural"
"20","6229dcc610fc8c78c0854951","Heavy.Metal","Both","Value"
"21","6229dcc610fc8c78c0854951","Tiger","Is not","Natural"
"22","6229dcc610fc8c78c0854951","Fork","Both","Artifact"
"23","6229dcc610fc8c78c0854951","Scientist","Is not","Value"
"24","6229dcc610fc8c78c0854951","Helium","Is not","Natural"
"25","6229dcc610fc8c78c0854951","Kettle","Both","Artifact"
"26","6229dcc610fc8c78c0854951","Mentor","Is not","Value"
"27","6229dcc610fc8c78c0854951","Zebra","Is","Natural"
"28","6229dcc610fc8c78c0854951","Chair","Both","Artifact"
"29","6229dcc610fc8c78c0854951","Argument","Is not","Value"
"30","6229dcc610fc8c78c0854951","Raccoon","Both","Natural"
"31","6229dcc610fc8c78c0854951","Razor","Is not","Artifact"
"32","6229dcc610fc8c78c0854951","Artist","Both","Value"
"33","6229dcc610fc8c78c0854951","Harpoon","Both","Artifact"
"34","6229dcc610fc8c78c0854951","Minister","Both","Value"
"35","6229dcc610fc8c78c0854951","Gold","Is not","Natural"
"36","6229dcc610fc8c78c0854951","Shovel","Both","Artifact"
"37","6133b177de3bb431932aad6c","Water","Is not","Natural"
"38","6133b177de3bb431932aad6c","Heavy.Metal","Is","Value"
"39","6133b177de3bb431932aad6c","Tiger","Is not","Natural"
"40","6133b177de3bb431932aad6c","Fork","Is","Artifact"
"41","6133b177de3bb431932aad6c","Scientist","Is not","Value"
"42","6133b177de3bb431932aad6c","Helium","Is not","Natural"
"43","6133b177de3bb431932aad6c","Kettle","Both","Artifact"
"44","6133b177de3bb431932aad6c","Mentor","Is not","Value"
"45","6133b177de3bb431932aad6c","Zebra","Is not","Natural"
"46","6133b177de3bb431932aad6c","Chair","Is not","Artifact"
"47","6133b177de3bb431932aad6c","Argument","Is not","Value"
"48","6133b177de3bb431932aad6c","Raccoon","Is not","Natural"
"49","6133b177de3bb431932aad6c","Razor","Is not","Artifact"
"50","6133b177de3bb431932aad6c","Artist","Is not","Value"
"51","6133b177de3bb431932aad6c","Harpoon","Is not","Artifact"
"52","6133b177de3bb431932aad6c","Minister","Is not","Value"
"53","6133b177de3bb431932aad6c","Gold","Is not","Natural"
"54","6133b177de3bb431932aad6c","Shovel","Is not","Artifact"
"55","610602fcc8c22d54eba47b91@email.prolific.co","Water","Both","Natural"
"56","610602fcc8c22d54eba47b91@email.prolific.co","Heavy.Metal","Both","Value"
"57","610602fcc8c22d54eba47b91@email.prolific.co","Tiger","Both","Natural"
"58","610602fcc8c22d54eba47b91@email.prolific.co","Fork","Both","Artifact"
"59","610602fcc8c22d54eba47b91@email.prolific.co","Scientist","Is not","Value"
"60","610602fcc8c22d54eba47b91@email.prolific.co","Helium","Is not","Natural"
"61","610602fcc8c22d54eba47b91@email.prolific.co","Kettle","Both","Artifact"
"62","610602fcc8c22d54eba47b91@email.prolific.co","Mentor","Is not","Value"
"63","610602fcc8c22d54eba47b91@email.prolific.co","Zebra","Both","Natural"
"64","610602fcc8c22d54eba47b91@email.prolific.co","Chair","Is not","Artifact"
"65","610602fcc8c22d54eba47b91@email.prolific.co","Argument","Is not","Value"
"66","610602fcc8c22d54eba47b91@email.prolific.co","Raccoon","Both","Natural"
"67","610602fcc8c22d54eba47b91@email.prolific.co","Razor","Both","Artifact"
"68","610602fcc8c22d54eba47b91@email.prolific.co","Artist","Is","Value"
"69","610602fcc8c22d54eba47b91@email.prolific.co","Harpoon","Both","Artifact"
"70","610602fcc8c22d54eba47b91@email.prolific.co","Minister","Is not","Value"
"71","610602fcc8c22d54eba47b91@email.prolific.co","Gold","Is not","Natural"
"72","610602fcc8c22d54eba47b91@email.prolific.co","Shovel","Is not","Artifact"
"73","5b7ea99c6ce77a0001a6d948","Water","Both","Natural"
"74","5b7ea99c6ce77a0001a6d948","Heavy.Metal","Both","Value"
"75","5b7ea99c6ce77a0001a6d948","Tiger","Both","Natural"
"76","5b7ea99c6ce77a0001a6d948","Fork","Both","Artifact"
"77","5b7ea99c6ce77a0001a6d948","Scientist","Both","Value"
"78","5b7ea99c6ce77a0001a6d948","Helium","Both","Natural"
"79","5b7ea99c6ce77a0001a6d948","Kettle","Both","Artifact"
"80","5b7ea99c6ce77a0001a6d948","Mentor","Both","Value"
"81","5b7ea99c6ce77a0001a6d948","Zebra","Both","Natural"
"82","5b7ea99c6ce77a0001a6d948","Chair","Both","Artifact"
"83","5b7ea99c6ce77a0001a6d948","Argument","Both","Value"
"84","5b7ea99c6ce77a0001a6d948","Raccoon","Both","Natural"
"85","5b7ea99c6ce77a0001a6d948","Razor","Both","Artifact"
"86","5b7ea99c6ce77a0001a6d948","Artist","Both","Value"
"87","5b7ea99c6ce77a0001a6d948","Harpoon","Both","Artifact"
"88","5b7ea99c6ce77a0001a6d948","Minister","Both","Value"
"89","5b7ea99c6ce77a0001a6d948","Gold","Both","Natural"
"90","5b7ea99c6ce77a0001a6d948","Shovel","Both","Artifact"
"91","5a863fb8f1408d0001768afa","Water","Both","Natural"
"92","5a863fb8f1408d0001768afa","Heavy.Metal","Is","Value"
"93","5a863fb8f1408d0001768afa","Tiger","Is not","Natural"
"94","5a863fb8f1408d0001768afa","Fork","Is not","Artifact"
"95","5a863fb8f1408d0001768afa","Scientist","Both","Value"
"96","5a863fb8f1408d0001768afa","Helium","Is not","Natural"
"97","5a863fb8f1408d0001768afa","Kettle","Is not","Artifact"
"98","5a863fb8f1408d0001768afa","Mentor","Both","Value"
"99","5a863fb8f1408d0001768afa","Zebra","Is not","Natural"
"100","5a863fb8f1408d0001768afa","Chair","Is not","Artifact"
"101","5a863fb8f1408d0001768afa","Argument","Both","Value"
"102","5a863fb8f1408d0001768afa","Raccoon","Is not","Natural"
"103","5a863fb8f1408d0001768afa","Razor","Is not","Artifact"
"104","5a863fb8f1408d0001768afa","Artist","Is","Value"
"105","5a863fb8f1408d0001768afa","Harpoon","Both","Artifact"
"106","5a863fb8f1408d0001768afa","Minister","Is","Value"
"107","5a863fb8f1408d0001768afa","Gold","Is not","Natural"
"108","5a863fb8f1408d0001768afa","Shovel","Is not","Artifact"
"109","614726b73ab8022a9edc7f45","Water","Both","Natural"
"110","614726b73ab8022a9edc7f45","Heavy.Metal","Both","Value"
"111","614726b73ab8022a9edc7f45","Tiger","Both","Natural"
"112","614726b73ab8022a9edc7f45","Fork","Both","Artifact"
"113","614726b73ab8022a9edc7f45","Scientist","Both","Value"
"114","614726b73ab8022a9edc7f45","Helium","Both","Natural"
"115","614726b73ab8022a9edc7f45","Kettle","Both","Artifact"
"116","614726b73ab8022a9edc7f45","Mentor","Both","Value"
"117","614726b73ab8022a9edc7f45","Zebra","Both","Natural"
"118","614726b73ab8022a9edc7f45","Chair","Both","Artifact"
"119","614726b73ab8022a9edc7f45","Argument","Is","Value"
"120","614726b73ab8022a9edc7f45","Raccoon","Is","Natural"
"121","614726b73ab8022a9edc7f45","Razor","Both","Artifact"
"122","614726b73ab8022a9edc7f45","Artist","Both","Value"
"123","614726b73ab8022a9edc7f45","Harpoon","Both","Artifact"
"124","614726b73ab8022a9edc7f45","Minister","Both","Value"
"125","614726b73ab8022a9edc7f45","Gold","Both","Natural"
"126","614726b73ab8022a9edc7f45","Shovel","Both","Artifact"
"127","614f2dbd8a5fdf9347f1cd49","Water","Both","Natural"
"128","614f2dbd8a5fdf9347f1cd49","Heavy.Metal","Both","Value"
"129","614f2dbd8a5fdf9347f1cd49","Tiger","Both","Natural"
"130","614f2dbd8a5fdf9347f1cd49","Fork","Both","Artifact"
"131","614f2dbd8a5fdf9347f1cd49","Scientist","Both","Value"
"132","614f2dbd8a5fdf9347f1cd49","Helium","Both","Natural"
"133","614f2dbd8a5fdf9347f1cd49","Kettle","Is","Artifact"
"134","614f2dbd8a5fdf9347f1cd49","Mentor","Is not","Value"
"135","614f2dbd8a5fdf9347f1cd49","Zebra","Both","Natural"
"136","614f2dbd8a5fdf9347f1cd49","Chair","Both","Artifact"
"137","614f2dbd8a5fdf9347f1cd49","Argument","Is","Value"
"138","614f2dbd8a5fdf9347f1cd49","Raccoon","Both","Natural"
"139","614f2dbd8a5fdf9347f1cd49","Razor","Both","Artifact"
"140","614f2dbd8a5fdf9347f1cd49","Artist","Is","Value"
"141","614f2dbd8a5fdf9347f1cd49","Harpoon","Both","Artifact"
"142","614f2dbd8a5fdf9347f1cd49","Minister","Both","Value"
"143","614f2dbd8a5fdf9347f1cd49","Gold","Both","Natural"
"144","614f2dbd8a5fdf9347f1cd49","Shovel","Both","Artifact"
"145","5eeadfc8f9a5a9206e2a5841","Water","Both","Natural"
"146","5eeadfc8f9a5a9206e2a5841","Heavy.Metal","Both","Value"
"147","5eeadfc8f9a5a9206e2a5841","Tiger","Both","Natural"
"148","5eeadfc8f9a5a9206e2a5841","Fork","Both","Artifact"
"149","5eeadfc8f9a5a9206e2a5841","Scientist","Is not","Value"
"150","5eeadfc8f9a5a9206e2a5841","Helium","Is not","Natural"
"151","5eeadfc8f9a5a9206e2a5841","Kettle","Is not","Artifact"
"152","5eeadfc8f9a5a9206e2a5841","Mentor","Both","Value"
"153","5eeadfc8f9a5a9206e2a5841","Zebra","Is not","Natural"
"154","5eeadfc8f9a5a9206e2a5841","Chair","Both","Artifact"
"155","5eeadfc8f9a5a9206e2a5841","Argument","Both","Value"
"156","5eeadfc8f9a5a9206e2a5841","Raccoon","Is not","Natural"
"157","5eeadfc8f9a5a9206e2a5841","Razor","Is not","Artifact"
"158","5eeadfc8f9a5a9206e2a5841","Artist","Both","Value"
"159","5eeadfc8f9a5a9206e2a5841","Harpoon","Both","Artifact"
"160","5eeadfc8f9a5a9206e2a5841","Minister","Is","Value"
"161","5eeadfc8f9a5a9206e2a5841","Gold","Is not","Natural"
"162","5eeadfc8f9a5a9206e2a5841","Shovel","Is not","Artifact"
"163","6011d2b8b124c219f57c707e@email.prolific.co","Water","Both","Natural"
"164","6011d2b8b124c219f57c707e@email.prolific.co","Heavy.Metal","Is","Value"
"165","6011d2b8b124c219f57c707e@email.prolific.co","Tiger","Both","Natural"
"166","6011d2b8b124c219f57c707e@email.prolific.co","Fork","Both","Artifact"
"167","6011d2b8b124c219f57c707e@email.prolific.co","Scientist","Both","Value"
"168","6011d2b8b124c219f57c707e@email.prolific.co","Helium","Both","Natural"
"169","6011d2b8b124c219f57c707e@email.prolific.co","Kettle","Both","Artifact"
"170","6011d2b8b124c219f57c707e@email.prolific.co","Mentor","Both","Value"
"171","6011d2b8b124c219f57c707e@email.prolific.co","Zebra","Both","Natural"
"172","6011d2b8b124c219f57c707e@email.prolific.co","Chair","Both","Artifact"
"173","6011d2b8b124c219f57c707e@email.prolific.co","Argument","Both","Value"
"174","6011d2b8b124c219f57c707e@email.prolific.co","Raccoon","Both","Natural"
"175","6011d2b8b124c219f57c707e@email.prolific.co","Razor","Both","Artifact"
"176","6011d2b8b124c219f57c707e@email.prolific.co","Artist","Both","Value"
"177","6011d2b8b124c219f57c707e@email.prolific.co","Harpoon","Both","Artifact"
"178","6011d2b8b124c219f57c707e@email.prolific.co","Minister","Both","Value"
"179","6011d2b8b124c219f57c707e@email.prolific.co","Gold","Both","Natural"
"180","6011d2b8b124c219f57c707e@email.prolific.co","Shovel","Both","Artifact"
"181","5c7bc3509eabe400016d4900","Water","Both","Natural"
"182","5c7bc3509eabe400016d4900","Heavy.Metal","Both","Value"
"183","5c7bc3509eabe400016d4900","Tiger","Both","Natural"
"184","5c7bc3509eabe400016d4900","Fork","Both","Artifact"
"185","5c7bc3509eabe400016d4900","Scientist","Both","Value"
"186","5c7bc3509eabe400016d4900","Helium","Both","Natural"
"187","5c7bc3509eabe400016d4900","Kettle","Both","Artifact"
"188","5c7bc3509eabe400016d4900","Mentor","Is not","Value"
"189","5c7bc3509eabe400016d4900","Zebra","Both","Natural"
"190","5c7bc3509eabe400016d4900","Chair","Both","Artifact"
"191","5c7bc3509eabe400016d4900","Argument","Is not","Value"
"192","5c7bc3509eabe400016d4900","Raccoon","Both","Natural"
"193","5c7bc3509eabe400016d4900","Razor","Is not","Artifact"
"194","5c7bc3509eabe400016d4900","Artist","Both","Value"
"195","5c7bc3509eabe400016d4900","Harpoon","Both","Artifact"
"196","5c7bc3509eabe400016d4900","Minister","Is not","Value"
"197","5c7bc3509eabe400016d4900","Gold","Is not","Natural"
"198","5c7bc3509eabe400016d4900","Shovel","Both","Artifact"
"199","5a6107bb31b87a0001c6c49b","Water","Both","Natural"
"200","5a6107bb31b87a0001c6c49b","Heavy.Metal","Is","Value"
"201","5a6107bb31b87a0001c6c49b","Tiger","Both","Natural"
"202","5a6107bb31b87a0001c6c49b","Fork","Is not","Artifact"
"203","5a6107bb31b87a0001c6c49b","Scientist","Both","Value"
"204","5a6107bb31b87a0001c6c49b","Helium","Is not","Natural"
"205","5a6107bb31b87a0001c6c49b","Kettle","Is not","Artifact"
"206","5a6107bb31b87a0001c6c49b","Mentor","Is not","Value"
"207","5a6107bb31b87a0001c6c49b","Zebra","Is not","Natural"
"208","5a6107bb31b87a0001c6c49b","Chair","Is not","Artifact"
"209","5a6107bb31b87a0001c6c49b","Argument","Both","Value"
"210","5a6107bb31b87a0001c6c49b","Raccoon","Is not","Natural"
"211","5a6107bb31b87a0001c6c49b","Razor","Is not","Artifact"
"212","5a6107bb31b87a0001c6c49b","Artist","Both","Value"
"213","5a6107bb31b87a0001c6c49b","Harpoon","Is not","Artifact"
"214","5a6107bb31b87a0001c6c49b","Minister","Both","Value"
"215","5a6107bb31b87a0001c6c49b","Gold","Is not","Natural"
"216","5a6107bb31b87a0001c6c49b","Shovel","Is not","Artifact"
"217","5b79e92cdb11320001c3d5da","Water","Both","Natural"
"218","5b79e92cdb11320001c3d5da","Heavy.Metal","Both","Value"
"219","5b79e92cdb11320001c3d5da","Tiger","Both","Natural"
"220","5b79e92cdb11320001c3d5da","Fork","Is not","Artifact"
"221","5b79e92cdb11320001c3d5da","Scientist","Is","Value"
"222","5b79e92cdb11320001c3d5da","Helium","Is not","Natural"
"223","5b79e92cdb11320001c3d5da","Kettle","Is not","Artifact"
"224","5b79e92cdb11320001c3d5da","Mentor","Is not","Value"
"225","5b79e92cdb11320001c3d5da","Zebra","Both","Natural"
"226","5b79e92cdb11320001c3d5da","Chair","Is not","Artifact"
"227","5b79e92cdb11320001c3d5da","Argument","Both","Value"
"228","5b79e92cdb11320001c3d5da","Raccoon","Is not","Natural"
"229","5b79e92cdb11320001c3d5da","Razor","Both","Artifact"
"230","5b79e92cdb11320001c3d5da","Artist","Is not","Value"
"231","5b79e92cdb11320001c3d5da","Harpoon","Both","Artifact"
"232","5b79e92cdb11320001c3d5da","Minister","Is not","Value"
"233","5b79e92cdb11320001c3d5da","Gold","Both","Natural"
"234","5b79e92cdb11320001c3d5da","Shovel","Both","Artifact"
"235","5f2bffa8d4f0d601244ab240","Water","Both","Natural"
"236","5f2bffa8d4f0d601244ab240","Heavy.Metal","Both","Value"
"237","5f2bffa8d4f0d601244ab240","Tiger","Is not","Natural"
"238","5f2bffa8d4f0d601244ab240","Fork","Both","Artifact"
"239","5f2bffa8d4f0d601244ab240","Scientist","Is not","Value"
"240","5f2bffa8d4f0d601244ab240","Helium","Is not","Natural"
"241","5f2bffa8d4f0d601244ab240","Kettle","Both","Artifact"
"242","5f2bffa8d4f0d601244ab240","Mentor","Is not","Value"
"243","5f2bffa8d4f0d601244ab240","Zebra","Is not","Natural"
"244","5f2bffa8d4f0d601244ab240","Chair","Is not","Artifact"
"245","5f2bffa8d4f0d601244ab240","Argument","Is not","Value"
"246","5f2bffa8d4f0d601244ab240","Raccoon","Is not","Natural"
"247","5f2bffa8d4f0d601244ab240","Razor","Both","Artifact"
"248","5f2bffa8d4f0d601244ab240","Artist","Both","Value"
"249","5f2bffa8d4f0d601244ab240","Harpoon","Both","Artifact"
"250","5f2bffa8d4f0d601244ab240","Minister","Both","Value"
"251","5f2bffa8d4f0d601244ab240","Gold","Is not","Natural"
"252","5f2bffa8d4f0d601244ab240","Shovel","Both","Artifact"
"253","5f032a785c37574d93dc2fcc","Water","Is not","Natural"
"254","5f032a785c37574d93dc2fcc","Heavy.Metal","Both","Value"
"255","5f032a785c37574d93dc2fcc","Tiger","Is not","Natural"
"256","5f032a785c37574d93dc2fcc","Fork","Is not","Artifact"
"257","5f032a785c37574d93dc2fcc","Scientist","Both","Value"
"258","5f032a785c37574d93dc2fcc","Helium","Is not","Natural"
"259","5f032a785c37574d93dc2fcc","Kettle","Both","Artifact"
"260","5f032a785c37574d93dc2fcc","Mentor","Both","Value"
"261","5f032a785c37574d93dc2fcc","Zebra","Is not","Natural"
"262","5f032a785c37574d93dc2fcc","Chair","Both","Artifact"
"263","5f032a785c37574d93dc2fcc","Argument","Is","Value"
"264","5f032a785c37574d93dc2fcc","Raccoon","Is not","Natural"
"265","5f032a785c37574d93dc2fcc","Razor","Both","Artifact"
"266","5f032a785c37574d93dc2fcc","Artist","Is","Value"
"267","5f032a785c37574d93dc2fcc","Harpoon","Is","Artifact"
"268","5f032a785c37574d93dc2fcc","Minister","Is not","Value"
"269","5f032a785c37574d93dc2fcc","Gold","Is not","Natural"
"270","5f032a785c37574d93dc2fcc","Shovel","Is not","Artifact"
"271","6090ac299f401568994bd6aa","Water","Both","Natural"
"272","6090ac299f401568994bd6aa","Heavy.Metal","Is","Value"
"273","6090ac299f401568994bd6aa","Tiger","Is","Natural"
"274","6090ac299f401568994bd6aa","Fork","Is","Artifact"
"275","6090ac299f401568994bd6aa","Scientist","Is","Value"
"276","6090ac299f401568994bd6aa","Helium","Both","Natural"
"277","6090ac299f401568994bd6aa","Kettle","Both","Artifact"
"278","6090ac299f401568994bd6aa","Mentor","Is","Value"
"279","6090ac299f401568994bd6aa","Zebra","Both","Natural"
"280","6090ac299f401568994bd6aa","Chair","Both","Artifact"
"281","6090ac299f401568994bd6aa","Argument","Is not","Value"
"282","6090ac299f401568994bd6aa","Raccoon","Both","Natural"
"283","6090ac299f401568994bd6aa","Razor","Both","Artifact"
"284","6090ac299f401568994bd6aa","Artist","Both","Value"
"285","6090ac299f401568994bd6aa","Harpoon","Both","Artifact"
"286","6090ac299f401568994bd6aa","Minister","Both","Value"
"287","6090ac299f401568994bd6aa","Gold","Both","Natural"
"288","6090ac299f401568994bd6aa","Shovel","Both","Artifact"
"289","5ae1e99638df950001454b0e","Water","Both","Natural"
"290","5ae1e99638df950001454b0e","Heavy.Metal","Both","Value"
"291","5ae1e99638df950001454b0e","Tiger","Is","Natural"
"292","5ae1e99638df950001454b0e","Fork","Is not","Artifact"
"293","5ae1e99638df950001454b0e","Scientist","Is not","Value"
"294","5ae1e99638df950001454b0e","Helium","Is not","Natural"
"295","5ae1e99638df950001454b0e","Kettle","Is not","Artifact"
"296","5ae1e99638df950001454b0e","Mentor","Is not","Value"
"297","5ae1e99638df950001454b0e","Zebra","Is not","Natural"
"298","5ae1e99638df950001454b0e","Chair","Is not","Artifact"
"299","5ae1e99638df950001454b0e","Argument","Is not","Value"
"300","5ae1e99638df950001454b0e","Raccoon","Is not","Natural"
"301","5ae1e99638df950001454b0e","Razor","Is not","Artifact"
"302","5ae1e99638df950001454b0e","Artist","Both","Value"
"303","5ae1e99638df950001454b0e","Harpoon","Is not","Artifact"
"304","5ae1e99638df950001454b0e","Minister","Both","Value"
"305","5ae1e99638df950001454b0e","Gold","Is not","Natural"
"306","5ae1e99638df950001454b0e","Shovel","Is not","Artifact"
"307","5c38dab0f0ae4c00011238c1","Water","Both","Natural"
"308","5c38dab0f0ae4c00011238c1","Heavy.Metal","Both","Value"
"309","5c38dab0f0ae4c00011238c1","Tiger","Both","Natural"
"310","5c38dab0f0ae4c00011238c1","Fork","Both","Artifact"
"311","5c38dab0f0ae4c00011238c1","Scientist","Both","Value"
"312","5c38dab0f0ae4c00011238c1","Helium","Both","Natural"
"313","5c38dab0f0ae4c00011238c1","Kettle","Both","Artifact"
"314","5c38dab0f0ae4c00011238c1","Mentor","Both","Value"
"315","5c38dab0f0ae4c00011238c1","Zebra","Both","Natural"
"316","5c38dab0f0ae4c00011238c1","Chair","Both","Artifact"
"317","5c38dab0f0ae4c00011238c1","Argument","Both","Value"
"318","5c38dab0f0ae4c00011238c1","Raccoon","Both","Natural"
"319","5c38dab0f0ae4c00011238c1","Razor","Both","Artifact"
"320","5c38dab0f0ae4c00011238c1","Artist","Both","Value"
"321","5c38dab0f0ae4c00011238c1","Harpoon","Both","Artifact"
"322","5c38dab0f0ae4c00011238c1","Minister","Both","Value"
"323","5c38dab0f0ae4c00011238c1","Gold","Both","Natural"
"324","5c38dab0f0ae4c00011238c1","Shovel","Both","Artifact"
"325","5bc0cacb228a7600013cf77e","Water","Both","Natural"
"326","5bc0cacb228a7600013cf77e","Heavy.Metal","Both","Value"
"327","5bc0cacb228a7600013cf77e","Tiger","Both","Natural"
"328","5bc0cacb228a7600013cf77e","Fork","Both","Artifact"
"329","5bc0cacb228a7600013cf77e","Scientist","Both","Value"
"330","5bc0cacb228a7600013cf77e","Helium","Both","Natural"
"331","5bc0cacb228a7600013cf77e","Kettle","Both","Artifact"
"332","5bc0cacb228a7600013cf77e","Mentor","Both","Value"
"333","5bc0cacb228a7600013cf77e","Zebra","Both","Natural"
"334","5bc0cacb228a7600013cf77e","Chair","Both","Artifact"
"335","5bc0cacb228a7600013cf77e","Argument","Both","Value"
"336","5bc0cacb228a7600013cf77e","Raccoon","Both","Natural"
"337","5bc0cacb228a7600013cf77e","Razor","Both","Artifact"
"338","5bc0cacb228a7600013cf77e","Artist","Both","Value"
"339","5bc0cacb228a7600013cf77e","Harpoon","Both","Artifact"
"340","5bc0cacb228a7600013cf77e","Minister","Both","Value"
"341","5bc0cacb228a7600013cf77e","Gold","Both","Natural"
"342","5bc0cacb228a7600013cf77e","Shovel","Both","Artifact"
"343","60fd2a06fcc9e802dd5fd7b7","Water","Both","Natural"
"344","60fd2a06fcc9e802dd5fd7b7","Heavy.Metal","Both","Value"
"345","60fd2a06fcc9e802dd5fd7b7","Tiger","Both","Natural"
"346","60fd2a06fcc9e802dd5fd7b7","Fork","Both","Artifact"
"347","60fd2a06fcc9e802dd5fd7b7","Scientist","Both","Value"
"348","60fd2a06fcc9e802dd5fd7b7","Helium","Both","Natural"
"349","60fd2a06fcc9e802dd5fd7b7","Kettle","Both","Artifact"
"350","60fd2a06fcc9e802dd5fd7b7","Mentor","Both","Value"
"351","60fd2a06fcc9e802dd5fd7b7","Zebra","Both","Natural"
"352","60fd2a06fcc9e802dd5fd7b7","Chair","Both","Artifact"
"353","60fd2a06fcc9e802dd5fd7b7","Argument","Both","Value"
"354","60fd2a06fcc9e802dd5fd7b7","Raccoon","Both","Natural"
"355","60fd2a06fcc9e802dd5fd7b7","Razor","Both","Artifact"
"356","60fd2a06fcc9e802dd5fd7b7","Artist","Both","Value"
"357","60fd2a06fcc9e802dd5fd7b7","Harpoon","Both","Artifact"
"358","60fd2a06fcc9e802dd5fd7b7","Minister","Both","Value"
"359","60fd2a06fcc9e802dd5fd7b7","Gold","Both","Natural"
"360","60fd2a06fcc9e802dd5fd7b7","Shovel","Both","Artifact"
"361","5db6fa3b20430d000d2eb752","Water","Is not","Natural"
"362","5db6fa3b20430d000d2eb752","Heavy.Metal","Both","Value"
"363","5db6fa3b20430d000d2eb752","Tiger","Is not","Natural"
"364","5db6fa3b20430d000d2eb752","Fork","Both","Artifact"
"365","5db6fa3b20430d000d2eb752","Scientist","Both","Value"
"366","5db6fa3b20430d000d2eb752","Helium","Is not","Natural"
"367","5db6fa3b20430d000d2eb752","Kettle","Is not","Artifact"
"368","5db6fa3b20430d000d2eb752","Mentor","Both","Value"
"369","5db6fa3b20430d000d2eb752","Zebra","Is not","Natural"
"370","5db6fa3b20430d000d2eb752","Chair","Is not","Artifact"
"371","5db6fa3b20430d000d2eb752","Argument","Both","Value"
"372","5db6fa3b20430d000d2eb752","Raccoon","Is not","Natural"
"373","5db6fa3b20430d000d2eb752","Razor","Is not","Artifact"
"374","5db6fa3b20430d000d2eb752","Artist","Is","Value"
"375","5db6fa3b20430d000d2eb752","Harpoon","Is not","Artifact"
"376","5db6fa3b20430d000d2eb752","Minister","Is","Value"
"377","5db6fa3b20430d000d2eb752","Gold","Is not","Natural"
"378","5db6fa3b20430d000d2eb752","Shovel","Both","Artifact"
"379","5c85883136f2450001c86ba9","Water","Both","Natural"
"380","5c85883136f2450001c86ba9","Heavy.Metal","Both","Value"
"381","5c85883136f2450001c86ba9","Tiger","Both","Natural"
"382","5c85883136f2450001c86ba9","Fork","Both","Artifact"
"383","5c85883136f2450001c86ba9","Scientist","Both","Value"
"384","5c85883136f2450001c86ba9","Helium","Both","Natural"
"385","5c85883136f2450001c86ba9","Kettle","Both","Artifact"
"386","5c85883136f2450001c86ba9","Mentor","Both","Value"
"387","5c85883136f2450001c86ba9","Zebra","Both","Natural"
"388","5c85883136f2450001c86ba9","Chair","Both","Artifact"
"389","5c85883136f2450001c86ba9","Argument","Both","Value"
"390","5c85883136f2450001c86ba9","Raccoon","Both","Natural"
"391","5c85883136f2450001c86ba9","Razor","Both","Artifact"
"392","5c85883136f2450001c86ba9","Artist","Both","Value"
"393","5c85883136f2450001c86ba9","Harpoon","Both","Artifact"
"394","5c85883136f2450001c86ba9","Minister","Both","Value"
"395","5c85883136f2450001c86ba9","Gold","Both","Natural"
"396","5c85883136f2450001c86ba9","Shovel","Both","Artifact"
"397","606aa384e190cbb5947ed6ae","Water","Both","Natural"
"398","606aa384e190cbb5947ed6ae","Heavy.Metal","Both","Value"
"399","606aa384e190cbb5947ed6ae","Tiger","Both","Natural"
"400","606aa384e190cbb5947ed6ae","Fork","Both","Artifact"
"401","606aa384e190cbb5947ed6ae","Scientist","Both","Value"
"402","606aa384e190cbb5947ed6ae","Helium","Both","Natural"
"403","606aa384e190cbb5947ed6ae","Kettle","Both","Artifact"
"404","606aa384e190cbb5947ed6ae","Mentor","Both","Value"
"405","606aa384e190cbb5947ed6ae","Zebra","Both","Natural"
"406","606aa384e190cbb5947ed6ae","Chair","Both","Artifact"
"407","606aa384e190cbb5947ed6ae","Argument","Both","Value"
"408","606aa384e190cbb5947ed6ae","Raccoon","Both","Natural"
"409","606aa384e190cbb5947ed6ae","Razor","Both","Artifact"
"410","606aa384e190cbb5947ed6ae","Artist","Both","Value"
"411","606aa384e190cbb5947ed6ae","Harpoon","Both","Artifact"
"412","606aa384e190cbb5947ed6ae","Minister","Both","Value"
"413","606aa384e190cbb5947ed6ae","Gold","Both","Natural"
"414","606aa384e190cbb5947ed6ae","Shovel","Both","Artifact"
"415","5f2f0ace37658a2e315c4875","Water","Both","Natural"
"416","5f2f0ace37658a2e315c4875","Heavy.Metal","Both","Value"
"417","5f2f0ace37658a2e315c4875","Tiger","Both","Natural"
"418","5f2f0ace37658a2e315c4875","Fork","Is","Artifact"
"419","5f2f0ace37658a2e315c4875","Scientist","Both","Value"
"420","5f2f0ace37658a2e315c4875","Helium","Both","Natural"
"421","5f2f0ace37658a2e315c4875","Kettle","Both","Artifact"
"422","5f2f0ace37658a2e315c4875","Mentor","Both","Value"
"423","5f2f0ace37658a2e315c4875","Zebra","Is","Natural"
"424","5f2f0ace37658a2e315c4875","Chair","Is","Artifact"
"425","5f2f0ace37658a2e315c4875","Argument","Both","Value"
"426","5f2f0ace37658a2e315c4875","Raccoon","Both","Natural"
"427","5f2f0ace37658a2e315c4875","Razor","Both","Artifact"
"428","5f2f0ace37658a2e315c4875","Artist","Both","Value"
"429","5f2f0ace37658a2e315c4875","Harpoon","Both","Artifact"
"430","5f2f0ace37658a2e315c4875","Minister","Both","Value"
"431","5f2f0ace37658a2e315c4875","Gold","Both","Natural"
"432","5f2f0ace37658a2e315c4875","Shovel","Both","Artifact"
"433","5e2b3472339bae18089f9c6d","Water","Is not","Natural"
"434","5e2b3472339bae18089f9c6d","Heavy.Metal","Both","Value"
"435","5e2b3472339bae18089f9c6d","Tiger","Is not","Natural"
"436","5e2b3472339bae18089f9c6d","Fork","Is not","Artifact"
"437","5e2b3472339bae18089f9c6d","Scientist","Both","Value"
"438","5e2b3472339bae18089f9c6d","Helium","Is not","Natural"
"439","5e2b3472339bae18089f9c6d","Kettle","Is not","Artifact"
"440","5e2b3472339bae18089f9c6d","Mentor","Is not","Value"
"441","5e2b3472339bae18089f9c6d","Zebra","Is not","Natural"
"442","5e2b3472339bae18089f9c6d","Chair","Both","Artifact"
"443","5e2b3472339bae18089f9c6d","Argument","Both","Value"
"444","5e2b3472339bae18089f9c6d","Raccoon","Is not","Natural"
"445","5e2b3472339bae18089f9c6d","Razor","Is not","Artifact"
"446","5e2b3472339bae18089f9c6d","Artist","Is","Value"
"447","5e2b3472339bae18089f9c6d","Harpoon","Is not","Artifact"
"448","5e2b3472339bae18089f9c6d","Minister","Is","Value"
"449","5e2b3472339bae18089f9c6d","Gold","Is not","Natural"
"450","5e2b3472339bae18089f9c6d","Shovel","Both","Artifact"
"451","5996cafd0ed7ae000199171d","Water","Both","Natural"
"452","5996cafd0ed7ae000199171d","Heavy.Metal","Both","Value"
"453","5996cafd0ed7ae000199171d","Tiger","Both","Natural"
"454","5996cafd0ed7ae000199171d","Fork","Both","Artifact"
"455","5996cafd0ed7ae000199171d","Scientist","Both","Value"
"456","5996cafd0ed7ae000199171d","Helium","Both","Natural"
"457","5996cafd0ed7ae000199171d","Kettle","Both","Artifact"
"458","5996cafd0ed7ae000199171d","Mentor","Both","Value"
"459","5996cafd0ed7ae000199171d","Zebra","Both","Natural"
"460","5996cafd0ed7ae000199171d","Chair","Both","Artifact"
"461","5996cafd0ed7ae000199171d","Argument","Both","Value"
"462","5996cafd0ed7ae000199171d","Raccoon","Both","Natural"
"463","5996cafd0ed7ae000199171d","Razor","Both","Artifact"
"464","5996cafd0ed7ae000199171d","Artist","Both","Value"
"465","5996cafd0ed7ae000199171d","Harpoon","Both","Artifact"
"466","5996cafd0ed7ae000199171d","Minister","Both","Value"
"467","5996cafd0ed7ae000199171d","Gold","Both","Natural"
"468","5996cafd0ed7ae000199171d","Shovel","Both","Artifact"
"469","60fcf7e8002c2c1b89b03b30","Water","Both","Natural"
"470","60fcf7e8002c2c1b89b03b30","Heavy.Metal","Is","Value"
"471","60fcf7e8002c2c1b89b03b30","Tiger","Both","Natural"
"472","60fcf7e8002c2c1b89b03b30","Fork","Both","Artifact"
"473","60fcf7e8002c2c1b89b03b30","Scientist","Both","Value"
"474","60fcf7e8002c2c1b89b03b30","Helium","Both","Natural"
"475","60fcf7e8002c2c1b89b03b30","Kettle","Both","Artifact"
"476","60fcf7e8002c2c1b89b03b30","Mentor","Both","Value"
"477","60fcf7e8002c2c1b89b03b30","Zebra","Both","Natural"
"478","60fcf7e8002c2c1b89b03b30","Chair","Both","Artifact"
"479","60fcf7e8002c2c1b89b03b30","Argument","Both","Value"
"480","60fcf7e8002c2c1b89b03b30","Raccoon","Both","Natural"
"481","60fcf7e8002c2c1b89b03b30","Razor","Both","Artifact"
"482","60fcf7e8002c2c1b89b03b30","Artist","Is","Value"
"483","60fcf7e8002c2c1b89b03b30","Harpoon","Both","Artifact"
"484","60fcf7e8002c2c1b89b03b30","Minister","Both","Value"
"485","60fcf7e8002c2c1b89b03b30","Gold","Both","Natural"
"486","60fcf7e8002c2c1b89b03b30","Shovel","Both","Artifact"
"487","5fc175e1e8b4d40e74b123b3","Water","Both","Natural"
"488","5fc175e1e8b4d40e74b123b3","Heavy.Metal","Both","Value"
"489","5fc175e1e8b4d40e74b123b3","Tiger","Is not","Natural"
"490","5fc175e1e8b4d40e74b123b3","Fork","Both","Artifact"
"491","5fc175e1e8b4d40e74b123b3","Scientist","Both","Value"
"492","5fc175e1e8b4d40e74b123b3","Helium","Is","Natural"
"493","5fc175e1e8b4d40e74b123b3","Kettle","Both","Artifact"
"494","5fc175e1e8b4d40e74b123b3","Mentor","Both","Value"
"495","5fc175e1e8b4d40e74b123b3","Zebra","Both","Natural"
"496","5fc175e1e8b4d40e74b123b3","Chair","Both","Artifact"
"497","5fc175e1e8b4d40e74b123b3","Argument","Is","Value"
"498","5fc175e1e8b4d40e74b123b3","Raccoon","Is","Natural"
"499","5fc175e1e8b4d40e74b123b3","Razor","Both","Artifact"
"500","5fc175e1e8b4d40e74b123b3","Artist","Is not","Value"
"501","5fc175e1e8b4d40e74b123b3","Harpoon","Both","Artifact"
"502","5fc175e1e8b4d40e74b123b3","Minister","Both","Value"
"503","5fc175e1e8b4d40e74b123b3","Gold","Both","Natural"
"504","5fc175e1e8b4d40e74b123b3","Shovel","Both","Artifact"
"505","5e4d94e8ee0d4509aacdfbc8","Water","Is not","Natural"
"506","5e4d94e8ee0d4509aacdfbc8","Heavy.Metal","Is","Value"
"507","5e4d94e8ee0d4509aacdfbc8","Tiger","Is not","Natural"
"508","5e4d94e8ee0d4509aacdfbc8","Fork","Is not","Artifact"
"509","5e4d94e8ee0d4509aacdfbc8","Scientist","Both","Value"
"510","5e4d94e8ee0d4509aacdfbc8","Helium","Is not","Natural"
"511","5e4d94e8ee0d4509aacdfbc8","Kettle","Is not","Artifact"
"512","5e4d94e8ee0d4509aacdfbc8","Mentor","Is not","Value"
"513","5e4d94e8ee0d4509aacdfbc8","Zebra","Is not","Natural"
"514","5e4d94e8ee0d4509aacdfbc8","Chair","Is not","Artifact"
"515","5e4d94e8ee0d4509aacdfbc8","Argument","Both","Value"
"516","5e4d94e8ee0d4509aacdfbc8","Raccoon","Is not","Natural"
"517","5e4d94e8ee0d4509aacdfbc8","Razor","Is not","Artifact"
"518","5e4d94e8ee0d4509aacdfbc8","Artist","Is","Value"
"519","5e4d94e8ee0d4509aacdfbc8","Harpoon","Is not","Artifact"
"520","5e4d94e8ee0d4509aacdfbc8","Minister","Both","Value"
"521","5e4d94e8ee0d4509aacdfbc8","Gold","Is not","Natural"
"522","5e4d94e8ee0d4509aacdfbc8","Shovel","Is not","Artifact"
"523","601958c0af6453017a0cbbd4","Water","Both","Natural"
"524","601958c0af6453017a0cbbd4","Heavy.Metal","Both","Value"
"525","601958c0af6453017a0cbbd4","Tiger","Both","Natural"
"526","601958c0af6453017a0cbbd4","Fork","Both","Artifact"
"527","601958c0af6453017a0cbbd4","Scientist","Both","Value"
"528","601958c0af6453017a0cbbd4","Helium","Both","Natural"
"529","601958c0af6453017a0cbbd4","Kettle","Both","Artifact"
"530","601958c0af6453017a0cbbd4","Mentor","Both","Value"
"531","601958c0af6453017a0cbbd4","Zebra","Both","Natural"
"532","601958c0af6453017a0cbbd4","Chair","Both","Artifact"
"533","601958c0af6453017a0cbbd4","Argument","Both","Value"
"534","601958c0af6453017a0cbbd4","Raccoon","Is","Natural"
"535","601958c0af6453017a0cbbd4","Razor","Both","Artifact"
"536","601958c0af6453017a0cbbd4","Artist","Both","Value"
"537","601958c0af6453017a0cbbd4","Harpoon","Both","Artifact"
"538","601958c0af6453017a0cbbd4","Minister","Both","Value"
"539","601958c0af6453017a0cbbd4","Gold","Both","Natural"
"540","601958c0af6453017a0cbbd4","Shovel","Both","Artifact"
"541","5c16c04cd0194b0001e693f0","Water","Both","Natural"
"542","5c16c04cd0194b0001e693f0","Heavy.Metal","Both","Value"
"543","5c16c04cd0194b0001e693f0","Tiger","Both","Natural"
"544","5c16c04cd0194b0001e693f0","Fork","Both","Artifact"
"545","5c16c04cd0194b0001e693f0","Scientist","Both","Value"
"546","5c16c04cd0194b0001e693f0","Helium","Both","Natural"
"547","5c16c04cd0194b0001e693f0","Kettle","Both","Artifact"
"548","5c16c04cd0194b0001e693f0","Mentor","Both","Value"
"549","5c16c04cd0194b0001e693f0","Zebra","Both","Natural"
"550","5c16c04cd0194b0001e693f0","Chair","Both","Artifact"
"551","5c16c04cd0194b0001e693f0","Argument","Both","Value"
"552","5c16c04cd0194b0001e693f0","Raccoon","Both","Natural"
"553","5c16c04cd0194b0001e693f0","Razor","Both","Artifact"
"554","5c16c04cd0194b0001e693f0","Artist","Both","Value"
"555","5c16c04cd0194b0001e693f0","Harpoon","Both","Artifact"
"556","5c16c04cd0194b0001e693f0","Minister","Both","Value"
"557","5c16c04cd0194b0001e693f0","Gold","Both","Natural"
"558","5c16c04cd0194b0001e693f0","Shovel","Both","Artifact"
"559","5c68037e4ecdae0001d8b480","Water","Both","Natural"
"560","5c68037e4ecdae0001d8b480","Heavy.Metal","Is not","Value"
"561","5c68037e4ecdae0001d8b480","Tiger","Is not","Natural"
"562","5c68037e4ecdae0001d8b480","Fork","Both","Artifact"
"563","5c68037e4ecdae0001d8b480","Scientist","Is not","Value"
"564","5c68037e4ecdae0001d8b480","Helium","Both","Natural"
"565","5c68037e4ecdae0001d8b480","Kettle","Both","Artifact"
"566","5c68037e4ecdae0001d8b480","Mentor","Is not","Value"
"567","5c68037e4ecdae0001d8b480","Zebra","Is","Natural"
"568","5c68037e4ecdae0001d8b480","Chair","Is not","Artifact"
"569","5c68037e4ecdae0001d8b480","Argument","Is not","Value"
"570","5c68037e4ecdae0001d8b480","Raccoon","Is not","Natural"
"571","5c68037e4ecdae0001d8b480","Razor","Is not","Artifact"
"572","5c68037e4ecdae0001d8b480","Artist","Is","Value"
"573","5c68037e4ecdae0001d8b480","Harpoon","Is","Artifact"
"574","5c68037e4ecdae0001d8b480","Minister","Is not","Value"
"575","5c68037e4ecdae0001d8b480","Gold","Is not","Natural"
"576","5c68037e4ecdae0001d8b480","Shovel","Both","Artifact"
"577","60c298f8c2328dfe272401d2","Water","Is","Natural"
"578","60c298f8c2328dfe272401d2","Heavy.Metal","Both","Value"
"579","60c298f8c2328dfe272401d2","Tiger","Is","Natural"
"580","60c298f8c2328dfe272401d2","Fork","Both","Artifact"
"581","60c298f8c2328dfe272401d2","Scientist","Is","Value"
"582","60c298f8c2328dfe272401d2","Helium","Is","Natural"
"583","60c298f8c2328dfe272401d2","Kettle","Both","Artifact"
"584","60c298f8c2328dfe272401d2","Mentor","Is not","Value"
"585","60c298f8c2328dfe272401d2","Zebra","Is","Natural"
"586","60c298f8c2328dfe272401d2","Chair","Both","Artifact"
"587","60c298f8c2328dfe272401d2","Argument","Is not","Value"
"588","60c298f8c2328dfe272401d2","Raccoon","Is","Natural"
"589","60c298f8c2328dfe272401d2","Razor","Both","Artifact"
"590","60c298f8c2328dfe272401d2","Artist","Is","Value"
"591","60c298f8c2328dfe272401d2","Harpoon","Is not","Artifact"
"592","60c298f8c2328dfe272401d2","Minister","Is not","Value"
"593","60c298f8c2328dfe272401d2","Gold","Both","Natural"
"594","60c298f8c2328dfe272401d2","Shovel","Is not","Artifact"
"595","610711d4c064313c758fe4c2","Water","Both","Natural"
"596","610711d4c064313c758fe4c2","Heavy.Metal","Both","Value"
"597","610711d4c064313c758fe4c2","Tiger","Both","Natural"
"598","610711d4c064313c758fe4c2","Fork","Both","Artifact"
"599","610711d4c064313c758fe4c2","Scientist","Both","Value"
"600","610711d4c064313c758fe4c2","Helium","Both","Natural"
"601","610711d4c064313c758fe4c2","Kettle","Both","Artifact"
"602","610711d4c064313c758fe4c2","Mentor","Both","Value"
"603","610711d4c064313c758fe4c2","Zebra","Both","Natural"
"604","610711d4c064313c758fe4c2","Chair","Both","Artifact"
"605","610711d4c064313c758fe4c2","Argument","Both","Value"
"606","610711d4c064313c758fe4c2","Raccoon","Both","Natural"
"607","610711d4c064313c758fe4c2","Razor","Both","Artifact"
"608","610711d4c064313c758fe4c2","Artist","Both","Value"
"609","610711d4c064313c758fe4c2","Harpoon","Both","Artifact"
"610","610711d4c064313c758fe4c2","Minister","Both","Value"
"611","610711d4c064313c758fe4c2","Gold","Both","Natural"
"612","610711d4c064313c758fe4c2","Shovel","Both","Artifact"
"613","6095dae9237f2262b67d51b5","Water","Both","Natural"
"614","6095dae9237f2262b67d51b5","Heavy.Metal","Is","Value"
"615","6095dae9237f2262b67d51b5","Tiger","Is","Natural"
"616","6095dae9237f2262b67d51b5","Fork","Is","Artifact"
"617","6095dae9237f2262b67d51b5","Scientist","Is","Value"
"618","6095dae9237f2262b67d51b5","Helium","Is","Natural"
"619","6095dae9237f2262b67d51b5","Kettle","Is","Artifact"
"620","6095dae9237f2262b67d51b5","Mentor","Is not","Value"
"621","6095dae9237f2262b67d51b5","Zebra","Both","Natural"
"622","6095dae9237f2262b67d51b5","Chair","Is","Artifact"
"623","6095dae9237f2262b67d51b5","Argument","Is","Value"
"624","6095dae9237f2262b67d51b5","Raccoon","Is","Natural"
"625","6095dae9237f2262b67d51b5","Razor","Is","Artifact"
"626","6095dae9237f2262b67d51b5","Artist","Is","Value"
"627","6095dae9237f2262b67d51b5","Harpoon","Is","Artifact"
"628","6095dae9237f2262b67d51b5","Minister","Both","Value"
"629","6095dae9237f2262b67d51b5","Gold","Is","Natural"
"630","6095dae9237f2262b67d51b5","Shovel","Is","Artifact"
"631","60c3c8f790736ad8d329816b","Water","Both","Natural"
"632","60c3c8f790736ad8d329816b","Heavy.Metal","Is","Value"
"633","60c3c8f790736ad8d329816b","Tiger","Is not","Natural"
"634","60c3c8f790736ad8d329816b","Fork","Is","Artifact"
"635","60c3c8f790736ad8d329816b","Scientist","Is","Value"
"636","60c3c8f790736ad8d329816b","Helium","Is not","Natural"
"637","60c3c8f790736ad8d329816b","Kettle","Is not","Artifact"
"638","60c3c8f790736ad8d329816b","Mentor","Both","Value"
"639","60c3c8f790736ad8d329816b","Zebra","Is not","Natural"
"640","60c3c8f790736ad8d329816b","Chair","Is not","Artifact"
"641","60c3c8f790736ad8d329816b","Argument","Is not","Value"
"642","60c3c8f790736ad8d329816b","Raccoon","Is not","Natural"
"643","60c3c8f790736ad8d329816b","Razor","Is not","Artifact"
"644","60c3c8f790736ad8d329816b","Artist","Is","Value"
"645","60c3c8f790736ad8d329816b","Harpoon","Is not","Artifact"
"646","60c3c8f790736ad8d329816b","Minister","Is","Value"
"647","60c3c8f790736ad8d329816b","Gold","Is not","Natural"
"648","60c3c8f790736ad8d329816b","Shovel","Is not","Artifact"
"649","5fe70a2be144224fce79b148","Water","Both","Natural"
"650","5fe70a2be144224fce79b148","Heavy.Metal","Is","Value"
"651","5fe70a2be144224fce79b148","Tiger","Both","Natural"
"652","5fe70a2be144224fce79b148","Fork","Both","Artifact"
"653","5fe70a2be144224fce79b148","Scientist","Both","Value"
"654","5fe70a2be144224fce79b148","Helium","Both","Natural"
"655","5fe70a2be144224fce79b148","Kettle","Both","Artifact"
"656","5fe70a2be144224fce79b148","Mentor","Both","Value"
"657","5fe70a2be144224fce79b148","Zebra","Both","Natural"
"658","5fe70a2be144224fce79b148","Chair","Both","Artifact"
"659","5fe70a2be144224fce79b148","Argument","Both","Value"
"660","5fe70a2be144224fce79b148","Raccoon","Is","Natural"
"661","5fe70a2be144224fce79b148","Razor","Both","Artifact"
"662","5fe70a2be144224fce79b148","Artist","Is","Value"
"663","5fe70a2be144224fce79b148","Harpoon","Is","Artifact"
"664","5fe70a2be144224fce79b148","Minister","Is","Value"
"665","5fe70a2be144224fce79b148","Gold","Is","Natural"
"666","5fe70a2be144224fce79b148","Shovel","Is","Artifact"
"667","609d1224afa6945618b68f1f","Water","Both","Natural"
"668","609d1224afa6945618b68f1f","Heavy.Metal","Both","Value"
"669","609d1224afa6945618b68f1f","Tiger","Is not","Natural"
"670","609d1224afa6945618b68f1f","Fork","Both","Artifact"
"671","609d1224afa6945618b68f1f","Scientist","Is not","Value"
"672","609d1224afa6945618b68f1f","Helium","Is not","Natural"
"673","609d1224afa6945618b68f1f","Kettle","Both","Artifact"
"674","609d1224afa6945618b68f1f","Mentor","Both","Value"
"675","609d1224afa6945618b68f1f","Zebra","Is not","Natural"
"676","609d1224afa6945618b68f1f","Chair","Is not","Artifact"
"677","609d1224afa6945618b68f1f","Argument","Is not","Value"
"678","609d1224afa6945618b68f1f","Raccoon","Is not","Natural"
"679","609d1224afa6945618b68f1f","Razor","Is not","Artifact"
"680","609d1224afa6945618b68f1f","Artist","Is","Value"
"681","609d1224afa6945618b68f1f","Harpoon","Both","Artifact"
"682","609d1224afa6945618b68f1f","Minister","Is","Value"
"683","609d1224afa6945618b68f1f","Gold","Is not","Natural"
"684","609d1224afa6945618b68f1f","Shovel","Is not","Artifact"
"685","5f56a6646e11c111125188bc","Water","Both","Natural"
"686","5f56a6646e11c111125188bc","Heavy.Metal","Is","Value"
"687","5f56a6646e11c111125188bc","Tiger","Both","Natural"
"688","5f56a6646e11c111125188bc","Fork","Is","Artifact"
"689","5f56a6646e11c111125188bc","Scientist","Is","Value"
"690","5f56a6646e11c111125188bc","Helium","Is not","Natural"
"691","5f56a6646e11c111125188bc","Kettle","Both","Artifact"
"692","5f56a6646e11c111125188bc","Mentor","Both","Value"
"693","5f56a6646e11c111125188bc","Zebra","Is not","Natural"
"694","5f56a6646e11c111125188bc","Chair","Both","Artifact"
"695","5f56a6646e11c111125188bc","Argument","Is","Value"
"696","5f56a6646e11c111125188bc","Raccoon","Both","Natural"
"697","5f56a6646e11c111125188bc","Razor","Is not","Artifact"
"698","5f56a6646e11c111125188bc","Artist","Is","Value"
"699","5f56a6646e11c111125188bc","Harpoon","Is not","Artifact"
"700","5f56a6646e11c111125188bc","Minister","Is","Value"
"701","5f56a6646e11c111125188bc","Gold","Both","Natural"
"702","5f56a6646e11c111125188bc","Shovel","Is not","Artifact"
"703","611cdb36b5b791e2174ee88b","Water","Both","Natural"
"704","611cdb36b5b791e2174ee88b","Heavy.Metal","Both","Value"
"705","611cdb36b5b791e2174ee88b","Tiger","Both","Natural"
"706","611cdb36b5b791e2174ee88b","Fork","Is not","Artifact"
"707","611cdb36b5b791e2174ee88b","Scientist","Both","Value"
"708","611cdb36b5b791e2174ee88b","Helium","Both","Natural"
"709","611cdb36b5b791e2174ee88b","Kettle","Is not","Artifact"
"710","611cdb36b5b791e2174ee88b","Mentor","Is not","Value"
"711","611cdb36b5b791e2174ee88b","Zebra","Both","Natural"
"712","611cdb36b5b791e2174ee88b","Chair","Is not","Artifact"
"713","611cdb36b5b791e2174ee88b","Argument","Both","Value"
"714","611cdb36b5b791e2174ee88b","Raccoon","Is not","Natural"
"715","611cdb36b5b791e2174ee88b","Razor","Both","Artifact"
"716","611cdb36b5b791e2174ee88b","Artist","Both","Value"
"717","611cdb36b5b791e2174ee88b","Harpoon","Is not","Artifact"
"718","611cdb36b5b791e2174ee88b","Minister","Both","Value"
"719","611cdb36b5b791e2174ee88b","Gold","Is not","Natural"
"720","611cdb36b5b791e2174ee88b","Shovel","Both","Artifact"
"721","5f68d4c59b202b055cc873e5","Water","Is not","Natural"
"722","5f68d4c59b202b055cc873e5","Heavy.Metal","Is","Value"
"723","5f68d4c59b202b055cc873e5","Tiger","Both","Natural"
"724","5f68d4c59b202b055cc873e5","Fork","Is not","Artifact"
"725","5f68d4c59b202b055cc873e5","Scientist","Is not","Value"
"726","5f68d4c59b202b055cc873e5","Helium","Is not","Natural"
"727","5f68d4c59b202b055cc873e5","Kettle","Is not","Artifact"
"728","5f68d4c59b202b055cc873e5","Mentor","Is not","Value"
"729","5f68d4c59b202b055cc873e5","Zebra","Is","Natural"
"730","5f68d4c59b202b055cc873e5","Chair","Is not","Artifact"
"731","5f68d4c59b202b055cc873e5","Argument","Both","Value"
"732","5f68d4c59b202b055cc873e5","Raccoon","Is not","Natural"
"733","5f68d4c59b202b055cc873e5","Razor","Is not","Artifact"
"734","5f68d4c59b202b055cc873e5","Artist","Is","Value"
"735","5f68d4c59b202b055cc873e5","Harpoon","Is not","Artifact"
"736","5f68d4c59b202b055cc873e5","Minister","Both","Value"
"737","5f68d4c59b202b055cc873e5","Gold","Is not","Natural"
"738","5f68d4c59b202b055cc873e5","Shovel","Is not","Artifact"
"739","5ce7046a9390750017b64ac6","Water","Both","Natural"
"740","5ce7046a9390750017b64ac6","Heavy.Metal","Both","Value"
"741","5ce7046a9390750017b64ac6","Tiger","Is not","Natural"
"742","5ce7046a9390750017b64ac6","Fork","Is not","Artifact"
"743","5ce7046a9390750017b64ac6","Scientist","Is not","Value"
"744","5ce7046a9390750017b64ac6","Helium","Both","Natural"
"745","5ce7046a9390750017b64ac6","Kettle","Is not","Artifact"
"746","5ce7046a9390750017b64ac6","Mentor","Is not","Value"
"747","5ce7046a9390750017b64ac6","Zebra","Is not","Natural"
"748","5ce7046a9390750017b64ac6","Chair","Is not","Artifact"
"749","5ce7046a9390750017b64ac6","Argument","Is not","Value"
"750","5ce7046a9390750017b64ac6","Raccoon","Is not","Natural"
"751","5ce7046a9390750017b64ac6","Razor","Is not","Artifact"
"752","5ce7046a9390750017b64ac6","Artist","Both","Value"
"753","5ce7046a9390750017b64ac6","Harpoon","Is not","Artifact"
"754","5ce7046a9390750017b64ac6","Minister","Is not","Value"
"755","5ce7046a9390750017b64ac6","Gold","Is not","Natural"
"756","5ce7046a9390750017b64ac6","Shovel","Both","Artifact"
"757","5f7636517eea510aeb2e8433","Water","Both","Natural"
"758","5f7636517eea510aeb2e8433","Heavy.Metal","Is","Value"
"759","5f7636517eea510aeb2e8433","Tiger","Both","Natural"
"760","5f7636517eea510aeb2e8433","Fork","Is","Artifact"
"761","5f7636517eea510aeb2e8433","Scientist","Is","Value"
"762","5f7636517eea510aeb2e8433","Helium","Both","Natural"
"763","5f7636517eea510aeb2e8433","Kettle","Both","Artifact"
"764","5f7636517eea510aeb2e8433","Mentor","Is not","Value"
"765","5f7636517eea510aeb2e8433","Zebra","Both","Natural"
"766","5f7636517eea510aeb2e8433","Chair","Both","Artifact"
"767","5f7636517eea510aeb2e8433","Argument","Both","Value"
"768","5f7636517eea510aeb2e8433","Raccoon","Both","Natural"
"769","5f7636517eea510aeb2e8433","Razor","Both","Artifact"
"770","5f7636517eea510aeb2e8433","Artist","Is","Value"
"771","5f7636517eea510aeb2e8433","Harpoon","Both","Artifact"
"772","5f7636517eea510aeb2e8433","Minister","Is","Value"
"773","5f7636517eea510aeb2e8433","Gold","Both","Natural"
"774","5f7636517eea510aeb2e8433","Shovel","Both","Artifact"
"775","5e52e5e02d48ca3042df7f25","Water","Is not","Natural"
"776","5e52e5e02d48ca3042df7f25","Heavy.Metal","Both","Value"
"777","5e52e5e02d48ca3042df7f25","Tiger","Is not","Natural"
"778","5e52e5e02d48ca3042df7f25","Fork","Is not","Artifact"
"779","5e52e5e02d48ca3042df7f25","Scientist","Both","Value"
"780","5e52e5e02d48ca3042df7f25","Helium","Is not","Natural"
"781","5e52e5e02d48ca3042df7f25","Kettle","Is not","Artifact"
"782","5e52e5e02d48ca3042df7f25","Mentor","Is not","Value"
"783","5e52e5e02d48ca3042df7f25","Zebra","Is not","Natural"
"784","5e52e5e02d48ca3042df7f25","Chair","Is not","Artifact"
"785","5e52e5e02d48ca3042df7f25","Argument","Is not","Value"
"786","5e52e5e02d48ca3042df7f25","Raccoon","Is not","Natural"
"787","5e52e5e02d48ca3042df7f25","Razor","Is not","Artifact"
"788","5e52e5e02d48ca3042df7f25","Artist","Both","Value"
"789","5e52e5e02d48ca3042df7f25","Harpoon","Is not","Artifact"
"790","5e52e5e02d48ca3042df7f25","Minister","Is","Value"
"791","5e52e5e02d48ca3042df7f25","Gold","Is not","Natural"
"792","5e52e5e02d48ca3042df7f25","Shovel","Is not","Artifact"
"793","5e5bd0b15bb3123a2e2a2c07","Water","Is not","Natural"
"794","5e5bd0b15bb3123a2e2a2c07","Heavy.Metal","Both","Value"
"795","5e5bd0b15bb3123a2e2a2c07","Tiger","Both","Natural"
"796","5e5bd0b15bb3123a2e2a2c07","Fork","Is not","Artifact"
"797","5e5bd0b15bb3123a2e2a2c07","Scientist","Both","Value"
"798","5e5bd0b15bb3123a2e2a2c07","Helium","Is not","Natural"
"799","5e5bd0b15bb3123a2e2a2c07","Kettle","Is not","Artifact"
"800","5e5bd0b15bb3123a2e2a2c07","Mentor","Both","Value"
"801","5e5bd0b15bb3123a2e2a2c07","Zebra","Both","Natural"
"802","5e5bd0b15bb3123a2e2a2c07","Chair","Is not","Artifact"
"803","5e5bd0b15bb3123a2e2a2c07","Argument","Is not","Value"
"804","5e5bd0b15bb3123a2e2a2c07","Raccoon","Both","Natural"
"805","5e5bd0b15bb3123a2e2a2c07","Razor","Both","Artifact"
"806","5e5bd0b15bb3123a2e2a2c07","Artist","Is","Value"
"807","5e5bd0b15bb3123a2e2a2c07","Harpoon","Is not","Artifact"
"808","5e5bd0b15bb3123a2e2a2c07","Minister","Is","Value"
"809","5e5bd0b15bb3123a2e2a2c07","Gold","Is not","Natural"
"810","5e5bd0b15bb3123a2e2a2c07","Shovel","Is not","Artifact"
"811","5c5b50e8fbf35700018c8dde","Water","Both","Natural"
"812","5c5b50e8fbf35700018c8dde","Heavy.Metal","Is","Value"
"813","5c5b50e8fbf35700018c8dde","Tiger","Is not","Natural"
"814","5c5b50e8fbf35700018c8dde","Fork","Both","Artifact"
"815","5c5b50e8fbf35700018c8dde","Scientist","Is not","Value"
"816","5c5b50e8fbf35700018c8dde","Helium","Is not","Natural"
"817","5c5b50e8fbf35700018c8dde","Kettle","Both","Artifact"
"818","5c5b50e8fbf35700018c8dde","Mentor","Both","Value"
"819","5c5b50e8fbf35700018c8dde","Zebra","Is not","Natural"
"820","5c5b50e8fbf35700018c8dde","Chair","Both","Artifact"
"821","5c5b50e8fbf35700018c8dde","Argument","Is not","Value"
"822","5c5b50e8fbf35700018c8dde","Raccoon","Is not","Natural"
"823","5c5b50e8fbf35700018c8dde","Razor","Is not","Artifact"
"824","5c5b50e8fbf35700018c8dde","Artist","Is","Value"
"825","5c5b50e8fbf35700018c8dde","Harpoon","Both","Artifact"
"826","5c5b50e8fbf35700018c8dde","Minister","Both","Value"
"827","5c5b50e8fbf35700018c8dde","Gold","Is not","Natural"
"828","5c5b50e8fbf35700018c8dde","Shovel","Both","Artifact"
"829","627e79a6e1f2b10601861ca6","Water","Both","Natural"
"830","627e79a6e1f2b10601861ca6","Heavy.Metal","Both","Value"
"831","627e79a6e1f2b10601861ca6","Tiger","Is not","Natural"
"832","627e79a6e1f2b10601861ca6","Fork","Is not","Artifact"
"833","627e79a6e1f2b10601861ca6","Scientist","Both","Value"
"834","627e79a6e1f2b10601861ca6","Helium","Is not","Natural"
"835","627e79a6e1f2b10601861ca6","Kettle","Is not","Artifact"
"836","627e79a6e1f2b10601861ca6","Mentor","Is not","Value"
"837","627e79a6e1f2b10601861ca6","Zebra","Both","Natural"
"838","627e79a6e1f2b10601861ca6","Chair","Is not","Artifact"
"839","627e79a6e1f2b10601861ca6","Argument","Is not","Value"
"840","627e79a6e1f2b10601861ca6","Raccoon","Both","Natural"
"841","627e79a6e1f2b10601861ca6","Razor","Both","Artifact"
"842","627e79a6e1f2b10601861ca6","Artist","Is not","Value"
"843","627e79a6e1f2b10601861ca6","Harpoon","Is not","Artifact"
"844","627e79a6e1f2b10601861ca6","Minister","Is not","Value"
"845","627e79a6e1f2b10601861ca6","Gold","Is not","Natural"
"846","627e79a6e1f2b10601861ca6","Shovel","Both","Artifact"
"847","600713a1ef06551629886703","Water","Is not","Natural"
"848","600713a1ef06551629886703","Heavy.Metal","Both","Value"
"849","600713a1ef06551629886703","Tiger","Both","Natural"
"850","600713a1ef06551629886703","Fork","Is not","Artifact"
"851","600713a1ef06551629886703","Scientist","Both","Value"
"852","600713a1ef06551629886703","Helium","Is","Natural"
"853","600713a1ef06551629886703","Kettle","Is not","Artifact"
"854","600713a1ef06551629886703","Mentor","Is not","Value"
"855","600713a1ef06551629886703","Zebra","Both","Natural"
"856","600713a1ef06551629886703","Chair","Both","Artifact"
"857","600713a1ef06551629886703","Argument","Is not","Value"
"858","600713a1ef06551629886703","Raccoon","Is","Natural"
"859","600713a1ef06551629886703","Razor","Is not","Artifact"
"860","600713a1ef06551629886703","Artist","Is","Value"
"861","600713a1ef06551629886703","Harpoon","Is not","Artifact"
"862","600713a1ef06551629886703","Minister","Is not","Value"
"863","600713a1ef06551629886703","Gold","Is","Natural"
"864","600713a1ef06551629886703","Shovel","Both","Artifact"
